id,name,status,place_id,rating,user_ratings_total,website,phone,error
5775,CHANGING HANDS HOME CARE,not_found,,,,,,
5799,SISTERS HOME CARE SERVICES INC,not_found,,,,,,
6081,"FAITH INDEPENDENCE LLC
FAITH HEALTH SOLUTIONS",not_found,,,,,,
6103,SUPERIOR PRIVATE TRANSPORTATION OF SWFL,not_found,,,,,,
6139,FANTA VILLA CARE SERVICES LLC,not_found,,,,,,
6158,KID CARE RESPIRATORY SERVICES CORP,not_found,,,,,,
6177,VINSONNA PHYSICAL THERAPY,success,ChIJSb309zAC2YgR82G2w2osc9I,3.8,194,https://locations.theupsstore.com/fl/oakland-park/5079-north-dixie-hwy?utm_source=Yext&utm_medium=organic&utm_campaign=Listings,(954) 489-1675,
6206,"INDEPENDENCE CONNECTION, LLC",not_found,,,,,,
6208,"RARE SOUL CARE SERVICES, LLC",not_found,,,,,,
6248,"COMMUNITY BEHAVIOR SUPPORTS, INC.",not_found,,,,,,
6250,SHELBEA HOUSTON LLC,not_found,,,,,,
6261,"D-TEC DEVELOPING THROUGH ENRICHED CURRICULUM, INC",not_found,,,,,,
6262,A FOUNTAIN OF YOUTH HOME CARE,not_found,,,,,,
6278,DANDRIDGE NOVELLA,not_found,,,,,,
6291,FLEMING SUPPORT SERVICES,not_found,,,,,,
6368,ABACO CONSTRUCTION INC.,success,ChIJt6bJexGTwogRr5bbOPnNa7A,2.1,7,,(727) 452-7161,
6405,GRACE IN MOTION LLC,not_found,,,,,,
6421,JMB LOVING CARE LLC,not_found,,,,,,
6438,YOUR CHOICE UNLIMITED INC,not_found,,,,,,
6447,XTRA HELPING HANDS AND HEARTS LLC,not_found,,,,,,
6459,ALF PHILLIPPE RIDGE,not_found,,,,,,
6466,TROWBRIDGE AG LLC,not_found,,,,,,
6509,AMORE AT HOME LLC,not_found,,,,,,
6510,AUDUBON GARDENS GROUP LLC,not_found,,,,,,
8648,DAINERYS GIL AGENCY LLC,not_found,,,,,,
8654,"KM HOME CARE, LLC
KM HOMECARE",not_found,,,,,,
8661,"PROXICARE, INC",not_found,,,,,,
8714,"A & J COMPASSIONATE CARE, LLC",not_found,,,,,,
8757,COMMUNITY HEALTHCARE ALLIANCE INC,not_found,,,,,,
8758,ASHLEY PRECIOUS HANDS,not_found,,,,,,
8986,"SILC EXPRESS LLC
OSCAR SILVA",not_found,,,,,,
9157,AVACORP INC,not_found,,,,,,
9778,24/7 Chiropractic Wellness & Rehab - 2631 Forest Rd,success,ChIJXVHE4IUh6IgRvGFg-czANqA,4.9,229,http://247chiropractic.com/,(352) 340-3220,
9779,ASR Sports Medicine Miami Beach,success,ChIJgcZLh-q12YgRM88iCjwjnpw,5,166,http://www.asrsportsmedicine.com/?utm_campaign=gmb,(305) 984-1155,
9780,Therapeutic Rehab Specialists,success,ChIJ3-N47hk_3YgRLE63YaAoRxk,5,188,http://www.therapeuticrehabspecialists.com/,(813) 876-8771,
9783,Apollo Rehab Parkland,success,ChIJPQ9Jlrgb2YgR40m0tOpNrcg,5,51,http://apollo-rehab.com/,(954) 342-9333,
9785,Baptist Health Physical Therapy & Rehabilitation | Miami Beach,success,ChIJdUxSeki12YgR2mKLrC7tMeo,4.8,78,https://baptisthealth.net/locations/physical-rehabilitation-centers/baptist-health-orthopedic-care-miami-beach-physical-therapy?utm_source=yext&utm_medium=google&utm_campaign=listing&y_source=1_MTIwNTAzMzMtNzE1LWxvY2F0aW9uLndlYnNpdGU%3D,(786) 308-2000,
9786,"Behavior Basics, Inc., Brevard Office",success,ChIJOdIaDL4P3ogRP2InlVAmhMY,4.2,5,http://www.behaviorbasicsinc.com/,(772) 463-0444,
9787,"CARE Spine and Sports Health: Jean Guy-Yoma Souffrant, MD-MSPT",success,ChIJi-KkXAAP3ogRCZtazICU15s,5,68,https://caressh.com/,(321) 372-1765,
9789,"Dr. Rob Poliszuk PT, DPT, CSCS (The Mobile Physical Therapist)",success,ChIJB6FY-4C22YgRfq9zyF2Q-nc,4.9,37,http://drrobpoliszuk.com/,(305) 902-6644,
9790,Gold Coast Physical Therapy - Royal Palm Beach,success,ChIJcaUFDfou2YgR6p-OoWPBmdU,4.9,72,https://goldcoastpt.com/royal-palm-beach/,(561) 331-3636,
9793,FAME Speech and Myo,success,ChIJmTdz1XvQGyERW-1RPiCDBA8,5,21,http://www.famespeechandmyo.com/,(904) 201-9048,
9794,Department of Communication Sciences and Disorders,success,ChIJd8ZiXVto54gRfaVxp_JhrsQ,5,2,https://healthprofessions.ucf.edu/communication-sciences-disorders/,(407) 823-4798,
9795,Young Body Rehabilitation,success,ChIJu2tkrKYq2YgR12qJNXQ5gwU,3.7,3,https://youngbodyrehab.com/,(561) 625-6860,
9796,"Tampa Bay Speech, Language & Reading Clinic",success,ChIJTSDoLyvTwogRpt-YuP49euo,4.9,33,http://tampabayspeech.com/,(813) 368-2485,
9797,3 C's Therapy Center,success,ChIJN1gBREtw54gRAMIObcB-gl0,4.8,37,https://3cstherapycenter.godaddysites.com/,(407) 761-2130,
9800,Physical Therapy,success,ChIJk-uC793b5ogROHLGkV9RDtI,3.7,3,https://orthotoc.com/service/physical-therapy/?utm_source=GMBSocialClimb&utm_medium=PhysicalTherapy,(386) 255-4596,
9801,Memorial Medical Fitness - West,success,ChIJiVZ9iW-m2YgRccna4_lcYFU,4.7,174,https://www.mhs.net/services/medical-fitness-programs,(954) 844-7125,
9803,Physical Therapy Now Miramar,success,ChIJUWIeGwql2YgRjXTXwe1EaiE,5,116,https://www.physicaltherapynow.com/miramar/,(954) 869-4310,
9804,Fox Physical Therapy-Brickell,success,ChIJ7a5zRMK32YgRlj9AihtSrmI,5,198,http://foxpt.com/,(305) 615-3060,
9807,Florida Strong Physical Therapy,success,ChIJBWc7mYAF2YgR0JXJnm-VF8k,5,124,http://flstrongpt.com/,(305) 397-9440,
9808,"Atlantic Rehabilitation Center - North Miami Beach, Florida",success,ChIJa2XEy6St2YgRfWJstCc2O7c,4.9,307,https://atlanticrehabcenter.com/physical-therapy-clinic/north-miami-beach-fl/,(305) 405-0400,
9809,Complete Therapy USA,success,ChIJpxlc5F2s2YgR8TCiVOgEhLQ,4.9,86,http://www.completetherapyusa.com/,(305) 466-1388,
9810,Nicklaus Children's Nirvair Chowdhury Midtown Urgent Care Center,success,ChIJeY2IjYux2YgRlqteyPNWKfM,4,52,https://www.nicklauschildrens.org/locations/urgent-care/midtown-outpatient-center,(305) 571-8712,
9812,CORA Physical Therapy Kendall,success,ChIJtUqV4QnH2YgRpC-D4QJu6IM,4.8,118,https://www.coraphysicaltherapy.com/location/kendall-florida/,(305) 598-0229,
9813,Physical Therapy NOW Bird Road,success,ChIJYVqegW642YgRPZciTaTQGZw,5,95,https://www.physicaltherapynow.com/bird-road/,(305) 599-0911,
9815,Nicklaus Children’s Hospital,success,ChIJGQdTGz642YgRb6LpKdHwlec,3.4,42,https://www.nicklauschildrens.org/home,(305) 666-6511,
9816,CORA Physical Therapy Miami Beach,success,ChIJHehIIeWy2YgRxtGUtrka4Gc,4.7,152,https://www.coraphysicaltherapy.com/location/miami-lakes-florida/,(305) 868-9905,
9817,CORA Physical Therapy Melbourne,success,ChIJxXkxK4kR3ogRB00TTspt65Y,4.9,191,https://www.coraphysicaltherapy.com/location/miami-beach-florida/,(321) 255-2818,
9818,Premier Physical Therapy and Sports Medicine - Melbourne,success,ChIJLYWXuewR3ogROxEbvEQ_hnk,4.8,21,https://premier-therapy.com/,(321) 312-4200,
9819,CORA Physical Therapy Palm Bay,success,ChIJV8wIH18N3ogRBrTkHSoY6cw,4.8,209,https://www.coraphysicaltherapy.com/location/palm-beach-gardens-florida/,(321) 409-5777,
9820,"Align Physical Therapy, Inc.",success,ChIJw19CYrER3ogReLPvpKejzaU,5,33,https://aligntherapy.org/physical-therapy-clinic/physical-therapy-melbourne-beach-fl/,(321) 804-8132,
9821,Hop Skip and a Jump Pediatric Therapy - 886 S Dillard St,success,ChIJyYemw22D54gR4OoqQCmn1jk,,,http://www.orlandokidstherapy.com/,(407) 461-1998,
9822,Rehability Prosthetics & Orthotics,success,ChIJA_6vcXOgwogRIq4dbwzCgg0,5,102,https://rehabilitygroup.com/,(352) 701-0494,
9823,CORA Physical Therapy Ormond Beach,success,ChIJJ7634_bc5ogRnI8sBDxPXIs,4.8,115,https://www.coraphysicaltherapy.com/location/oviedo-florida/,(386) 615-1112,
9824,FloRehab Center Physical and Aquatic Therapy Ormond Beach,success,ChIJ93P3TsPb5ogRfMXQqGWfLcY,4.6,94,http://www.florehabcenter.com/,(386) 671-2626,
9825,Barr & Associates Physical Therapy,success,ChIJRYcArofc5ogR6pK0sKFD7Uc,4.9,54,http://barrandassociatesphysicaltherapy.com/,(386) 673-3535,
9826,Premier Physical Therapy & Sports Medicine Inc - Ormond Beach,success,ChIJ5V99BAbd5ogRAFwnpT_xiSY,5,45,https://www.premier-therapy.com/,(386) 677-4300,
9827,Ability Rehabilitation - Sanford,success,ChIJEz7AHacT54gR_87Kjifjsz0,5,96,https://abilityrehabilitation.com/physical-therapy-locations/sanford-clinic/,(407) 322-3442,
9828,Ability Rehabilitation - Orlando - 11543 Lake Underhill Rd,success,ChIJdwyx2Uhm54gRqh4r41mXssY,4.9,116,https://abilityrehabilitation.com/physical-therapy-locations/waterford-clinic/,(407) 380-0357,
9829,AdventHealth Sports Med & Rehab Lake Nona,success,ChIJ3ZBj48qL3YgRI2vsLk8PJck,4.8,55,https://www.adventhealth.com/sports-medicine-and-rehab/adventhealth-sports-med-and-rehab-central-florida/form/request-appointment,(407) 930-7803,
9831,CORA Physical Therapy West Palm Beach,success,ChIJRbP6Xgwp2YgRLMz_1AqvZoU,4.8,237,https://www.coraphysicaltherapy.com/location/west-palm-beach-florida/,(561) 478-3702,
9832,CORA Physical Therapy Lake Worth,success,ChIJcyumFPjX2IgR3Dsj-dxJzvA,4.7,169,https://www.coraphysicaltherapy.com/location/lake-worth-florida/,(561) 649-0321,
9833,Be Bold Performance & Wellness,success,ChIJNzNbUWrhwogRwuDkO893fzA,5,25,https://beboldperformancewellness.janeapp.com/,(727) 256-7668,
9834,AxisPro Physical Therapy. Hand & Lymphedema Clinic,success,ChIJK1Kh11YO3ogRUsC5MOL67W8,4.9,218,http://www.axispropt.com/,(321) 327-8509,
9835,Back To You Chiropractic and Physical Therapy,success,ChIJ-eZWSwzz3ogRLNqzEgEyYRU,5,46,https://www.backtoyourehab.com/,(772) 252-5254,
9836,Back to You Chiropractic & Physical Therapy,success,ChIJ1Xy8M17r3ogReIf4fydRlSg,5,230,https://www.backtoyourehab.com/?utm_source=gmb_auth,(772) 271-4200,
9837,Premier Physical Therapy & Sports Medicine Inc - Port Saint Lucie - 519 Nw Lake Whitney Pl,success,ChIJCUGeT3ns3ogR9CXgB5nf5R8,4.7,38,http://www.premier-therapy.com/,(772) 621-9313,
9838,CORA Physical Therapy Stuart,success,ChIJj_WpQD3d3ogRkLRWQTh9Izw,5,165,https://www.coraphysicaltherapy.com/location/stuart-florida/,(772) 781-1690,
9839,Premier Physical Therapy & Sports Medicine Inc - Stuart,success,ChIJtTOpJmDd3ogRaV9kHnGBVms,5,37,http://www.premier-therapy.com/,(772) 888-3360,
9840,PUPA Pediatric Care PPEC,success,ChIJh0XmpOyv2YgRb-3nFi56dWw,5,17,http://www.pupappec.com/,(786) 613-3269,
9841,Physical Therapy NOW Miami Lakes,success,ChIJ6UjtxUWl2YgRhbYh8yWkv4A,4.9,98,https://physicaltherapynow.com/miami-lakes/,(786) 613-7160,
9842,Nicklaus Children's Doral Outpatient Center,success,ChIJ8QBT_6y-2YgRR44MpZbrzy0,2.9,193,https://www.nicklauschildrens.org/locations/outpatient-centers/doral-outpatient-center,(786) 624-3672,
9843,Brighter Days PPEC of Palm Bay,success,ChIJf2UH-6wT3ogRxCnYpw4CLC0,4,4,https://www.brighterdaysppec.com/,(786) 773-8356,
9844,Intuitive Therapies & Pelvic Health,success,ChIJBXObd0nrwogRhFlcGDp24kA,5,42,https://intuitivetherapiespelvichealth.com/,(813) 434-0060,
9845,CORA Physical Therapy South Tampa,success,ChIJJT_RRTLDwogReHNPE9cd5rA,4.9,136,https://www.coraphysicaltherapy.com/location/south-tampa-florida/,(813) 837-3060,
9846,CORA Physical Therapy Carrollwood,success,ChIJ_XXopxTBwogRXh9JYoUc1Ys,4.8,329,https://www.coraphysicaltherapy.com/location/carrollwood-florida/,(813) 932-5119,
9847,Florida Orthopaedic Institute - Tampa,success,ChIJ9U89dW_BwogRBbYu72uAjQY,4.5,2156,https://www.floridaortho.com/locations/south-tampa-dale-mabry/,(813) 978-9700,
9848,Pro-Active Physical Therapy,success,ChIJafTO5JvHwogRC4oRW2vxeJQ,4.8,43,https://advancedrehab.us/northtampa/,(813) 979-4819,
9849,Physical Therapy NOW Tallahassee,success,ChIJYfzIizJf7IgRlKFoPrJ9hUA,4.9,92,https://www.physicaltherapynow.com/tallahassee/,(850) 725-5008,
9850,"Weeks Wellness - Tallahassee, FL",success,ChIJI4tOwA5f7IgRp_8V7PdNcDU,4.9,31,https://www.weekswellness.com/,(850) 750-0166,
9851,CORA Physical Therapy South Lakeland,success,ChIJmRda9FY-3YgRTsji4OJde2w,4.7,81,https://www.coraphysicaltherapy.com/location/south-lakeland-florida/,(863) 213-1291,
9852,Florida Orthopaedic Institute - Lakeland,success,ChIJP_n88Sg_3YgR7x_Tt9EmC24,5,352,https://www.floridaortho.com/locations/lakeland/,(863) 274-9700,
9853,CORA Physical Therapy Winter Haven,success,ChIJo7SNe_YS3YgRp_8ibnB3euQ,4.7,210,https://www.coraphysicaltherapy.com/location/winter-haven-florida/,(863) 294-0350,
9854,CORA Physical Therapy Lakeland,success,ChIJSaBAeEZH3YgRXBf1SAmpHbc,4.8,335,https://www.coraphysicaltherapy.com/location/lakeland-florida/,(863) 665-8881,
9855,Watson Clinic Physical Therapy & Sports Medicine,success,ChIJj9qigjA83YgRgrEBGtV9Hus,5,1,https://www.watsonclinic.com/locations/1430-lakeland-hills-blvd-lakeland-fl.html,(863) 680-7718,
9856,CITIMED Hollywood,success,ChIJb1c1OEGp2YgRJLvErV3xRoQ,4.5,30,http://www.citimed.com/,(888) 810-2455,
9857,CORA Physical Therapy North Jacksonville,success,ChIJaUCkPkWu5YgRozFiuVoI6Vo,4.9,116,https://www.coraphysicaltherapy.com/location/north-knoxville-tennessee/,(904) 203-1386,
9858,Jacksonville Orthopaedic Institute Rehabilitation - Second Floor,success,ChIJMUYeELTM5YgRiUV4eqmWfSQ,4.7,44,https://www.joionline.net/,(904) 288-9491,
9859,Jacksonville Orthopaedic Institute Rehabilitation - Jacksonville - 12276 San Jose Blvd,success,ChIJ70AI1enO5YgRjqKsoNT3faM,5,25,https://www.joionline.net/,(904) 288-9604,
9860,Jacksonville Orthopaedic Institute- San Marco,success,ChIJtc3a6Qi35YgRXrlQsVAS8jA,4.9,2648,https://www.joionline.net/,(904) 346-3465,
9861,TherapyWorks,success,ChIJgUUn5qm35YgRCD6S0RQTIPM,4.8,68,http://www.ourtherapyworks.com/,(904) 348-5511,
9862,CORA Physical Therapy Regency,success,ChIJuwwMqo205YgR__yQ1AySY24,5,167,https://www.coraphysicaltherapy.com/location/richmond-hill-georgia/,(904) 647-4263,
9863,CORA Physical Therapy Riverside,success,ChIJK-c4H3e35YgRbKkf69lmMMw,4.9,129,https://www.coraphysicaltherapy.com/location/riverside-florida/,(904) 647-4284,
9864,SportsCare Physical Therapy - Jacksonville,success,ChIJxVj4S9-15YgRLr-T7jqp_xg,5,91,https://sportscare1.com/locations/fl/physical-therapy-jacksonville/,(904) 733-8133,
9865,CORA Physical Therapy Kennerly,success,ChIJ00cYs9-15YgR5YzpLLaLy9A,4.9,159,https://www.coraphysicaltherapy.com/location/kennerly-florida/,(904) 739-9901,
9866,Jacksonville Orthopaedic Institute Rehabilitation - Jacksonville - 12961 N Main St,success,ChIJNRK2w0Ou5YgRfWO_6xI1E7Y,4.2,13,,(904) 757-2474,
9869,"Generations Rehab Services, Inc",success,ChIJXb2LWVen2YgRySZLPgtQVXA,5,1,http://www.generationsrs.com/,(954) 305-5001,
9871,"Atlantic Rehabilitation Center - Pembroke Pines, Florida",success,ChIJN8S5so2h2YgRUJqfeoMo97A,4.9,239,https://atlanticrehabcenter.com/physical-therapy-clinic/pembroke-pines-fl/,(954) 367-4000,
9872,Nicklaus Children's West Pines Pediatric Care Center,success,ChIJ5auFjSuh2YgRF8JAGm6gIMc,4.7,3,https://www.nicklauschildrens.org/locations/primary-care-centers/west-pembroke-pines,(954) 392-0266,
9873,Nicklaus Children's Miramar Outpatient Center,success,ChIJD-UL5Mel2YgRxTfKrzAvg1k,3.3,74,https://www.nicklauschildrens.org/Miramar,(954) 442-0809,
9874,Oasis Specialized Therapy Care (Hollywood),success,ChIJN-qvqFOp2YgRWhHYH07QNTE,5,29,http://oasistherapycare.com/,(954) 466-7868,
9875,Nicklaus Children's Miramar Urgent Care Center,success,ChIJSZXJw8el2YgRIgRP2MUQimw,4.3,194,https://www.nicklauschildrens.org/locations/urgent-care/miramar-urgent-care-center,(954) 517-8912,
9876,HANDS REHAB /. Florida Hand Team & Associates Miramar LLC,success,ChIJMy00BpCl2YgR5idsW19Gmaw,4.8,19,https://www.floridahandteam.com/,(954) 524-2130,
9879,CardioFlex Therapy,success,ChIJR3KnS6Gn2YgReVJg3H25hzY,4.8,85,http://www.cardioflextherapy.com/,(954) 693-9090,
9880,CORA Physical Therapy Pompano Beach,success,ChIJ7-SZ5KQD2YgRZVhA4ePQP1k,4.7,151,https://www.coraphysicaltherapy.com/location/pooler-georgia/,(954) 975-0771,
9881,South Florida Orthopaedics & Sports Medicine Ortho Injury Walk-in Clinic,success,ChIJAX7hCrXr3ogRkuEXH7CB4Hg,4.9,2053,https://southflaortho.com/ortho-injury-walk-in-clinic/?utm_source=GMBSocialClimb&utm_medium=SouthFloridaOrthopaedics%26SportsMedicineOrthoInjuryWalk-inClinic,(772) 288-2400,
9885,Varsity Rehabilitation,success,ChIJvQjXtyzd5ogRSxosXICIa_Y,4.9,49,https://premier-therapy.com/location/ormond-beach-varsity/,(386) 677-4300,
9886,Gold Coast Physical Therapy - Lake Worth,success,ChIJE3_oCPwm2YgRSXgROcltD4w,4.7,171,https://goldcoastpt.com/lake-worth/,(561) 331-3636,
9891,Astro Health & Rehab Center,success,ChIJU-I5KBS72YgRjsE1yTlcvhk,4.9,120,https://www.astromedicalcenter.com/,(305) 200-5176,
9892,Progressive Therapy - Pinecrest/Palmetto Bay,success,ChIJ_2dWqPPG2YgRr-Hbmq-Kk1s,5,144,http://progressivetherapy.net/,(305) 232-9222,
9893,Florida Occupational Healthcare - Miami,success,ChIJk_kzvhDH2YgRfJ5vAevi7-8,4.7,29,http://www.fohcpt.com/,(305) 274-3311,
9894,Physical Therapy Now - Brickell,success,ChIJtVptsIa22YgRDOWF4NcbED0,4.7,133,https://www.physicaltherapynow.com/brickell/,(305) 372-8100,
9895,Oasis Specialized Therapy Care,success,ChIJzRgYaSal2YgR1sBZg0ftzQA,5,110,http://www.oasistherapycare.com/,(305) 417-1191,
9896,CORA Physical Therapy North Dade,success,ChIJDe0rTUqs2YgRhlsAW8mYuFc,4.5,228,https://www.coraphysicaltherapy.com/location/north-jacksonville-florida/,(305) 682-0080,
9897,Fox Physical Therapy,success,ChIJHcaRoau22YgRHwCY_rlO6ls,5,281,https://foxpt.com/,(305) 735-8901,
9898,CORA Physical Therapy Miami Lakes,success,ChIJeQk-h9Gk2YgRNyaN1_xMHPQ,4.7,159,https://www.coraphysicaltherapy.com/location/midtown-georgia/,(305) 821-0502,
9899,Align Physical Therapy,success,ChIJl3wOGT0R3ogRRQ-DHRQZqMw,5,42,https://aligntherapy.org/physical-therapy-clinic/physical-therapy-melbourne-beach-fl/,(321) 307-3812,
9900,AxisPro Physical Therapy & Hand clinic - Palm Bay,success,ChIJ58jMFhwT3ogRF5kVWDHcjYs,4.8,51,http://www.axispropt.com/,(321) 327-8509,
9901,CORA Physical Therapy Satellite Beach,success,ChIJYQ_ds_Qa3ogRe0ALW_yd-rk,4.8,88,https://www.coraphysicaltherapy.com/location/satellite-beach-florida/,(321) 773-3325,
9902,AdventHealth Pediatric Rehabilitation Ocala,success,ChIJg5ZIne_T54gRsjQArgniyMw,4.7,31,https://www.adventhealth.com/sports-medicine-and-rehab/adventhealth-sports-med-and-rehab-central-florida-south,(352) 401-8680,
9905,AdventHealth Sports Med & Rehab Port Orange,success,ChIJj99FlHgn54gRB-jhKgchLiY,4.5,37,http://yourphysicaltherapyexperts.com/,(386) 231-6327,
9906,Orthopedic Walk-In Clinic,success,ChIJxWcDLATb5ogR40BYbWjFrYs,4.7,410,https://orthotoc.com/walk-in-clinic/?utm_source=GMBSocialClimb&utm_medium=OrthopedicWalk-InClinic,(386) 255-4596,
9908,Premier Physical Therapy & Sports Medicine - Ormond Beach,success,ChIJC6jMayXb5ogREKPzIytvHco,4.7,32,http://www.premier-therapy.com/,(386) 317-6444,
9909,Ability Rehabilitation - New Smyrna Beach,success,ChIJT9Jeo3op54gRLM4hFtUL43I,4.9,118,https://abilityrehabilitation.com/new-smyrna-beach-clinic/,(386) 410-6903,
9910,CORA Physical Therapy Port Orange,success,ChIJd1vJ9GTY5ogRr8uGPfxTj7I,4.9,326,https://www.coraphysicaltherapy.com/location/powdersville-south-carolina/,(386) 756-0424,
9911,Ability Rehabilitation - South Daytona,success,ChIJXyYFzy7Y5ogRVlRoQh5U3WM,4.8,168,https://abilityrehabilitation.com/physical-therapy-locations/south-daytona-clinic/,(386) 763-0084,
9912,Ability Rehabilitation - Orange City,success,ChIJRTkg3Y8R54gRAqVPn0-jH8U,4.9,179,https://abilityrehabilitation.com/four-towns-clinic/,(386) 878-1200,
9913,Ability Rehabilitation - Ormond Beach,success,ChIJc2-mZjLd5ogRfS6f1OZRBuw,5,198,https://abilityrehabilitation.com/physical-therapy-locations/ormond-beach-clinic/,(386) 898-0443,
9914,Ability Rehabilitation - Orlando - 801 N Orange Ave,success,ChIJQaOpQSx754gRFGyau5riXLw,4.9,127,https://abilityrehabilitation.com/locations/downtown-orlando-clinic,(407) 236-7155,
9915,CORA Physical Therapy South Semoran,success,ChIJmfLgvmRj54gRlKRhwiQbuzs,4.9,130,https://www.coraphysicaltherapy.com/location/south-semoran-florida/,(407) 281-0228,
9916,CORA Physical Therapy Sand Lake,success,ChIJTwDYBdt-54gRX5HshR4iG38,4.8,114,https://www.coraphysicaltherapy.com/location/sand-lake-florida/,(407) 354-3906,
9917,CORA Physical Therapy Waterford Lakes,success,ChIJk56B40tm54gRARz03DbEOUE,4.7,129,https://www.coraphysicaltherapy.com/location/waterford-lakes-florida/,(407) 382-3777,
9919,CORA Physical Therapy Orlando,success,ChIJ3SkQA3t754gRUPWsCE9_rws,4.7,91,https://www.coraphysicaltherapy.com/location/ormond-beach-florida/,(407) 481-8861,
9920,AdventHealth Sports Med & Rehab Dr. Phillips,success,ChIJQUZARzZ_54gRZn6VuDHeqtQ,4.9,83,https://www.adventhealth.com/sports-medicine-and-rehab/adventhealth-sports-med-and-rehab-central-florida/form/request-appointment,(407) 532-6815,
9921,CORA Physical Therapy Winter Park,success,ChIJESpnUHFw54gR93e3an0Nums,4.9,152,https://www.coraphysicaltherapy.com/location/winter-park-florida/,(407) 539-1792,
9922,Ability Rehabilitation - Winter Park,success,ChIJzUsYr-hv54gRAXQPpOTCyG8,4.9,135,https://abilityrehabilitation.com/physical-therapy-locations/winter-park/,(407) 637-5856,
9923,AdventHealth Sports Med and Rehab Training Center,success,ChIJPei2KE9754gRBTfMdqeFlxE,5,124,https://www.adventhealth.com/sports-medicine-and-rehab/adventhealth-sports-med-and-rehab-central-florida,(407) 641-2448,
9924,AdventHealth Sports Med & Rehab Waterford Lakes,success,ChIJ2VTVTEZn54gRxWoMwB1rmgI,4.7,45,https://www.adventhealth.com/sports-medicine-and-rehab/adventhealth-sports-med-and-rehab-central-florida,(407) 658-4637,
9925,Ability Rehabilitation - Orlando - 6068 S Apopka Vineland Rd,success,ChIJb9S4taF_54gRPWN9YJpGLPs,4.9,102,https://abilityrehabilitation.com/physical-therapy-locations/sand-lake/,(407) 745-4633,
9926,Physical Therapy Now Orlando,success,ChIJx2byMpRl54gRGKqE-9368Jk,5,49,http://www.physicaltherapynow.com/orlandofl,(407) 815-6555,
9927,Ability Rehabilitation - Orlando - 5540 E Grant St,success,ChIJqxo85etk54gRxIXxbZzz3hc,5,95,https://abilityrehabilitation.com/physical-therapy-locations/semoran-clinic/,(407) 823-8550,
9928,TLC Pediatric Therapies - 4705 S Apopka Vineland Rd,success,ChIJG56Eh6h_54gRfQtp5O3ryyc,4.3,47,http://tlcpediatrictherapy.com/,(407) 905-9300,
9929,AdventHealth Sports Med and Rehab Orlando Sportsplex,success,ChIJWZ4q8x5x54gRNFsOJv5OpjE,4.8,227,https://www.adventhealth.com/sports-medicine-and-rehab/adventhealth-sports-med-and-rehab-central-florida,(407) 916-4500,
9930,ApexNetwork Physical Therapy,success,ChIJmUi5lcbZ2IgRj7dSHftVsjE,5,81,https://apexnetworkpt.com/palmbeachfl/,(561) 533-9833,
9931,Dynamic Duo Physical Therapy (PT) +,success,ChIJqTLPvI4r2YgRgQ7c8vNjEpw,5,53,http://www.dynamicduopt.com/,(561) 563-2828,
9932,Comprehensive Hand & Physical Therapy,success,ChIJzR8gp-Mp34gR0sU4P8BVAjw,4.9,72,https://comprehensivehandandpt.com/,(561) 575-4770,
9933,Pedikidz of Palm Beach,success,ChIJHf_bBwDZ2IgRRrmfAqLyQRw,5,17,https://www.pedikidz.com/locations/palm-beach/,(561) 585-7732,
9934,CORA Physical Therapy Palm Beach Gardens,success,ChIJE44f11jV2IgRKlGG3zjMXXQ,4.9,186,https://www.coraphysicaltherapy.com/location/palm-coast-florida/,(561) 625-2775,
9935,Life In Motion Physical & Hand Therapy,success,ChIJUXHUco_kwogRXGGsySsa-SM,4.9,71,https://lifeinmotion-therapy.com/,(727) 369-6355,
9938,CORA Physical Therapy Largo,success,ChIJ7bDUgpz6wogRf1EmCLvntR4,4.9,189,https://www.coraphysicaltherapy.com/location/largo-florida/,(727) 587-0582,
9939,Physical Therapy Now Palm Harbor,success,ChIJj1pT00PzwogRLCL7DqkCPOU,4.9,94,https://www.physicaltherapynow.com/palm-harbor/,(727) 772-0953,
9941,CORA Physical Therapy Hollywood,success,ChIJjab3rsep2YgRjx8KgPs1nNs,4.8,123,https://www.coraphysicaltherapy.com/location/hollywood-florida/,(754) 203-0902,
9942,Physical Therapy Now Pembroke Pines,success,ChIJ7REuQ8ao2YgRqkPVgHB7aCE,4.9,114,http://www.physicaltherapynow.com/pembroke-pines/,(754) 208-3765,
9943,Physical Therapy Now Cooper City,success,ChIJj_y9Nlum2YgR6vek0p10CV8,4.8,30,https://www.physicaltherapynow.com/cooper-city/,(754) 209-7404,
9944,Elite PPEC (Pediatric Medical Daycare),success,ChIJochh2ISr2YgRugsFK90BCMk,5,42,https://eliteppec.com/,(754) 263-2925,
9945,Premier Physical Therapy & Sports Medicine Inc - Port Saint Lucie - 1400 Se,success,ChIJF-BBgsDo3ogR4ve4ySdnYH0,4.6,34,http://www.premier-therapy.com/,(772) 335-7966,
9946,South Florida Orthopaedics & Sports Medicine,success,ChIJzwHBtz_r3ogRsUOf6Qab8hs,4.8,2685,https://southflaortho.com/?utm_source=GMBSocialClimb&utm_medium=SouthFloridaOrthopaedics&SportsMedicine,(772) 288-2400,
9947,Premier Physical Therapy & Sports Medicine Inc - Port St. Lucie,success,ChIJK_6lzTnr3ogRLMzpQxEZqDg,5,19,https://www.premier-therapy.com/,(772) 446-0203,
9949,CORA Physical Therapy St. Lucie West,success,ChIJD6VDCofr3ogRIdK7-1Xgxh4,4.8,212,https://www.coraphysicaltherapy.com/location/st-lucie-west-florida/,(772) 878-3322,
9951,CORA Physical Therapy Westchester,success,ChIJlbCfuPu52YgRuP77ZscM3-o,4.9,75,https://www.coraphysicaltherapy.com/location/westchester-florida/,(786) 358-0399,
9952,F.I.T. Therapy,success,ChIJS4LrgCml2YgRXWXTg_hL5C8,4.9,75,http://www.fitptot.com/,(786) 500-7868,
9953,Physical Therapy Now-Allapattah,success,ChIJc938Rcuw2YgRFEAp_sBJ4Bs,5,118,https://www.physicaltherapynow.com/allapattah/,(786) 703-7074,
9954,Physical Therapy Now North Miami Beach,success,ChIJ7WZEzHau2YgRd1m7UcKi4uI,4.8,182,https://www.physicaltherapynow.com/north-miami-beach/,(786) 916-3482,
9955,Defy Therapy and Wellness,success,ChIJY33qOh-t2YgRqLk1Mp2r7X4,5,36,http://defytherapyandwellness.com/,(786) 955-6912,
9956,Potentia Therapeutics,success,ChIJAQBwFTvDwogR3pnXIBA3OKo,5,63,https://potentiatherapeutics.com/,(813) 374-9508,
9957,Bloom Pelvic Floor Therapy,success,ChIJx6y2M0HDwogRbaaKsmie0cI,5,102,https://www.bloompelvictherapy.com/,(813) 515-9008,
9958,Fit 4 Life Physical Therapy,success,ChIJg2sS-Qi3wogRZYnkqHBa9_M,4.7,123,https://fit4lifetampa.com/location/physical-therapy-tampa-fl/,(813) 587-1704,
9959,Optimal Performance & Physical Therapy - OPPT University,success,ChIJJeEVhJfHwogRhGIjiHjMfGw,5,87,http://www.theoppt.com/,(813) 805-8102,
9960,Optimal Performance & PT,success,ChIJWcdjmILEwogRXQvkGtkuRL0,4.9,125,https://www.theoppt.com/,(813) 805-8105,
9961,CORA Physical Therapy North Tampa,success,ChIJywt_pITHwogRMEVOELvNO_4,4.9,183,https://www.coraphysicaltherapy.com/location/northeast-south-carolina/,(813) 977-5255,
9962,Pelvic Solutions,success,ChIJ_WlVEprFwogRn2GiAYmzMKM,5,30,https://www.pelvic-solutions.com/?utm_source=google&utm_medium=wix_google_business_profile&utm_campaign=15194953840415228572,(813) 992-6656,
9963,CORA Physical Therapy Haines City,success,ChIJ2UKu785z3YgRebJdblcLlwo,4.8,281,https://www.coraphysicaltherapy.com/location/haines-city-florida/,(863) 421-1777,
9964,Watson Clinic Highlands,success,ChIJj_xtRjo83YgRqOiwOaf1KPw,3.1,110,https://www.watsonclinic.com/locations/2300-e-county-road-540a-lakeland-highlands-fl-117.html,(863) 607-3333,
9965,Watson Clinic Center for Specialized Rehabilitation,success,ChIJFZWOsDs83YgR6ASRLJ2UN5U,5,100,https://www.watsonclinic.com/locations/2190-e-county-road-540a-lakeland-fl.html,(863) 607-3699,
9966,Revive Rehab Inc.,success,ChIJXWazZAM35IgRgjpB56CX_rw,5,18,http://www.reviverehab.com/,(904) 371-4649,
9967,Optimal Performance & Physical Therapies Lakeland,success,ChIJoX4BfIY53YgR8GvtjigcQ-k,5,63,http://www.theoppt.com/,(863) 812-4065,
9968,OnSite Physio,success,ChIJ21u7-G235YgRFguenPiuheQ,4.8,36,https://www.physnet.com/one-on-one-physical-therapy,(866) 907-4797,
9969,CORA Physical Therapy Tinseltown,success,ChIJ7ZV_RHe15YgRkk788mO3FVc,4.8,76,https://www.coraphysicaltherapy.com/location/tinseltown-florida/,(904) 421-1221,
9970,Apex Rehabilitation and Training,success,ChIJLyEsWQgKoYMRMgcfB3ugGxM,5,50,http://www.apexrehabandtraining.com/,(904) 516-0124,
9971,Jacksonville Orthopaedic Institute Rehabilitation - Jacksonville - 7740 Point Meadows Dr,success,ChIJoymeGbTK5YgRfka02AD_BQE,4.9,58,http://www.joionline.net/,(904) 564-9594,
9972,Reunion Rehabilitation Hospital Jacksonville,success,ChIJI4oEoUdL5IgRSqzreFNiVnI,4.5,110,https://reunionrehabhospital.com/locations/jacksonvile/,(904) 787-8150,
9975,CORA Physical Therapy East Pembroke Pines,success,ChIJg94rzAKm2YgRmhVu3CxmL_g,4.8,127,https://www.coraphysicaltherapy.com/location/east-pembroke-pines-florida/,(954) 437-8099,
9976,Sunrise Health & Rehabilitation Center,success,ChIJZ-j9Z1MP2YgR0tR8-QNMDIA,4.9,975,http://www.sunrisehc.com/,(954) 577-3600,
9977,CORA Physical Therapy Lauderhill,success,ChIJKZF8ft4F2YgR81-0STG_GkM,4.9,288,https://www.coraphysicaltherapy.com/location/lauderhill-florida/,(954) 746-7230,
9981,ReQuest Physical Therapy - Tioga,success,ChIJb2XEWqa-6IgR914_YXrG_bQ,4.9,35,https://requestphysicaltherapy.com/physical-therapy-clinic/newberry-fl/,(352) 580-6409,
9984,AdventHealth Sports Med & Rehab Winter Park,success,ChIJsSvJW-5v54gRNSmPkCVWVGw,4.9,102,https://www.adventhealth.com/sports-medicine-and-rehab/adventhealth-sports-med-and-rehab-central-florida,(407) 646-7703,
9985,AdventHealth Sports Med & Rehab Orlando (SODO),success,ChIJPdlRGXN754gRKEwFiRIOtcc,4.9,64,https://www.adventhealth.com/sports-medicine-and-rehab/adventhealth-sports-med-and-rehab-central-florida,(407) 648-1697,
9986,Premier Physical Therapy and Sports Medicine - Port St. Lucie,success,ChIJxwZFGhvr3ogRIAyP2O7xc7g,4.8,16,https://www.premier-therapy.com/,(772) 281-4722,
9991,"Dalton Lewis, PT, DPT",success,ChIJ3ypFgGNH3YgRHFLyzekvuuw,,,https://www.watsonclinic.com/physicians/-dalton-lewis.html,(863) 680-7700,
9994,AdventHealth Sports Med and Rehab Innovation Tower,success,ChIJ1-qaXbV754gRkoA3SMm23Uo,4.9,95,http://yourphysicaltherapyexperts.com/,(407) 303-8280,
9995,AdventHealth Sports Med and Rehab Pediatrics Mills Park,success,ChIJHSMpGBxx54gRq9L5qc3RIk8,4.8,78,https://www.adventhealth.com/sports-medicine-and-rehab/adventhealth-sports-med-and-rehab-central-florida,(407) 303-1575,
9996,CORA Physical Therapy Westside,success,ChIJgxjNQ3LH5YgRA_cgcSXHMy8,4.9,250,https://www.coraphysicaltherapy.com/location/westside-florida/,(904) 573-0046,
9997,FloRehab Center Physical and Aquatic Therapy Port Orange,success,ChIJRRgF3BDY5ogR5HZcYZnmD18,4.7,76,http://www.florehabcenter.com/,(386) 671-2626,
9999,Hopeful Therapies,success,ChIJXfNM4OI-3YgRPWU7wDTtfvs,1,1,https://hopefultherapies.com/en/contact-us/,(813) 655-8159,
10000,Lemon City Collective,success,ChIJYXQEpBJWZKoR1J_h08xm6q4,5,10,http://lemoncitycollective.com/,(305) 209-1616,
10006,Children's Rehab PPEC - Lehigh Acres,success,ChIJ_77m3itz24gRdInR_LrFyJQ,5,6,https://childrensrehabppec.com/ppec-in-lehigh-acres-fl/,(239) 674-7439,
10010,DREAM HOPE & BELIEVE THERAPY CORP,success,ChIJAQAwJi7C2YgRh2Oc_CVoHC8,4.9,21,https://www.dhbtherapymiami.com/,(305) 316-5852,
10011,My Big World Inc,success,ChIJb42SjVPA2YgRL8wwFxrJ9_8,4.7,66,https://mybigworldtherapyservices.com/,(305) 388-0004,
10012,Excel Wellness & Rehab,success,ChIJPZ6k1gKm2YgRoBfUMx6Mf8k,4.2,10,https://www.excelwellnessnrehab.com/,(305) 389-1769,
10013,Kids Hope PPEC,success,ChIJv7rRG4Cv2YgRLGSyoU5Sh5Q,5,2,https://www.kidshopeppec.com/,(305) 400-4693,
10014,Essential Therapy Services Inc,success,ChIJ56Y2XQml2YgRCfGy282SqkE,4.2,5,https://essentialtherapy.services/,(305) 456-6700,
10015,Libre Physical Therapy,success,ChIJo80gSYHB2YgRgPOOujgv0Ro,5,12,https://librephysicaltherapy.com/,(305) 595-9555,
10016,Dazzling Kids Therapy & M M Therapy Services,success,ChIJDeOc_rG52YgRniklP3TBvqM,5,20,https://dazzlingkidstherapy.com/,(305) 603-8105,
10017,Specialized Nursing Services,success,ChIJnzFq-neu2YgRfjF6VXwsXW4,4.6,15,http://snsnursing.com/,(305) 652-2799,
10018,FYZICAL Therapy & Balance Centers of Miami,success,ChIJe-UlN_272YgR3OZ282Hb3Dw,5,89,http://fyzical.com/hialeah-gardens-fl,(305) 677-9507,
10019,Happy Kids PPEC,success,ChIJNzUYxgel2YgRFRfzpgJVQaA,5,27,https://www.happykidsppec.org/,(305) 749-6121,
10021,Mercy Outpatient Rehabilitation Clinic,success,ChIJh7nSAHau2YgRguVbOD6ZOy4,4.8,59,http://mercyoutpatientclinic.com/,(305) 949-5499,
10022,FYZICAL Therapy & Balance Centers - Melbourne,success,ChIJU91WhUQF3ogRR2XjcmywE_o,4.8,26,https://www.fyzical.com/melbourne,(321) 254-5300,
10023,Beachside Physical Therapy - Melbourne,success,ChIJdzdVMIEP3ogRG8jZfY3iS8o,4.8,58,https://www.h2health.com/locations/beachside-physical-therapy/,(321) 255-5500,
10024,FYZICAL Therapy & Balance Centers - Indialantic,success,ChIJ93dcC-gR3ogRbFtJymMoZkw,4.9,28,https://www.fyzical.com/indialantic,(321) 372-3090,
10025,West Melbourne Health and Rehabilitation Center,success,ChIJ4-4I73QO3ogRq3JYLZXwzIo,3.1,105,http://westmelbournehealthandrehab.com/,(321) 725-7360,
10027,Beachside Physical Therapy - Indian Harbour Beach,success,ChIJr0H4-mUQ3ogRoVErzi1OlNc,4.7,77,https://www.h2health.com/locations/beachside-physical-therapy/,(321) 773-5290,
10028,Life Care Center of Palm Bay,success,ChIJy2jxbL4S3ogREv9CBDvZhQc,4.8,587,https://lcca.com/locations/fl/palm-bay/,(321) 952-1818,
10029,FIRST STEP THERAPY-ORANGE CITY,success,ChIJBwS6dpMR54gRUFJkLe4yDwE,3.8,23,http://www.firststep-therapy.com/,(321) 972-8326,
10030,Care Options for Kids - Spring Hill,success,ChIJj7vvadkh6IgRxwMGZIUhD30,5,4,https://careoptionsforkids.com/,(352) 269-8485,
10031,Beachside Physical Therapy - Palm Bay,success,ChIJu0WiN6wN3ogRT_5LObnpdTQ,4.9,150,https://www.h2health.com/locations/beachside-physical-therapy/,(321) 984-2933,
10034,PT Solutions of Hernando Beach,success,ChIJpchMMimfwogRb9U-FQzny_U,5,72,https://ptsolutions.com/find-a-clinic/fl/spring-hill/hernando-beach/?utm_source=google&utm_medium=organic&utm_campaign=GMB-PT-Solutions-Hernando-Beach&utm_content=listing,(352) 835-7485,
10035,Halifax Health | Brooks Rehabilitation Outpatient Clinic - Port Orange,success,ChIJy1SBbXDY5ogRUcacATSb99g,4.5,22,https://brooksrehab.org/locations/physical-therapy-port-orange/?utm_source=listings&utm_medium=organic&utm_campaign=yext&utm_content=port-orange,(386) 236-7010,
10036,Central Florida Therapy Solutions,success,ChIJffKQLVoQ54gREq9IlYFB5ko,5,163,http://www.centralfloridatherapysolutions.com/,(386) 532-8255,
10037,PT Solutions of Palm Coast,success,ChIJHyiJJ-WV5ogRQbQOyUROvyw,4.9,168,https://ptsolutions.com/find-a-clinic/fl/palm-coast/palm-coast/?utm_source=google&utm_medium=organic&utm_campaign=GMB-PT-Solutions-Palm-Coast&utm_content=listing,(386) 597-1927,
10039,"Central Florida Therapy Solutions, Inc",success,ChIJ1Q6wrz9y54gRoc5M257FbP0,4.8,130,http://www.centralfloridatherapysolutions.com/,(407) 260-0551,
10040,Bridging the Pieces Therapy LLC,success,ChIJW2NXTzPV2IgRNBq8UKsiPY4,5,12,http://www.bridgingthepieces.com/,(561) 247-0289,
10041,Daily Miracles PPEC,success,ChIJRSzFehkn2YgRLvssP8P66qM,5,24,https://www.dailymiraclesppec.com/,(561) 429-3037,
10042,"Little Champs Therapy & Yoga - Fort Lauderdale, FL",success,ChIJ-2qu6ZwH2YgRiN-lAjHTZBs,4.3,6,https://www.littlechampstherapy.com/,(561) 494-4499,
10043,Children's Therapies Inc,success,ChIJFXTo0APW3ogRbBw-VBifO-I,4.8,19,http://www.childrenstherapies.org/,(561) 748-5430,
10044,"Heart 4 Kids Therapy, LLC",success,ChIJ365jbvKTwogRaPWOCFZhPHU,4.8,19,http://www.heart4kidstherapy.com/,(727) 202-1477,
10045,Heart 4 Kids Therapy LLC - Palm Harbor,success,ChIJ-Wy5sYDywogRGuXnsp9EQ6M,4.7,67,http://www.heart4kidstherapy.com/,(727) 202-9200,
10046,Little Steps Florida,success,ChIJkRf12L3zwogRTjwZu1HX8hg,4.8,30,http://www.littlestepsflorida.com/,(727) 330-0240,
10047,Lighthouse Pediatric Therapy Partners,success,ChIJ-d1yd4LhwogROJUwuxmL76k,5,18,http://lighthousepediatrictherapypartners.com/,(727) 344-9472,
10048,First Kid's PPEC - Miami,success,ChIJSdCP4xe52YgRHCGECOUO9Xk,5,41,https://fkppec.com/,(786) 238-7270,
10049,PT Solutions of Hudson,success,ChIJ8xY_PZebwogRkBThRKH81d4,4.9,207,https://ptsolutions.com/find-a-clinic/fl/hudson/hudson/?utm_source=google&utm_medium=organic&utm_campaign=GMB-PT-Solutions-Hudson&utm_content=listing,(727) 605-0080,
10050,Mease Countryside Hospital Palm Harbor Outpatient Rehabilitation,success,ChIJpQcPmYPywogRm8vs3NxT1Ec,4.7,103,https://baycare.org/locations/m/mease-countryside-hospital-palm-harbor-outpatient-rehabilitation?utm_campaign=BayCare_DigitalMarketing_M20140288&utm_source=Google&utm_medium=LocalListing&utm_content=Mease_Countryside_Hospital_Palm_Harbor_Outpatient_Rehabilitation,(727) 772-2200,
10051,Joyful Motion,success,ChIJhfYWqN3ywogRB_xGXu27Tb8,4.6,9,http://www.joyfulmotion.org/,(727) 773-2687,
10053,Sunshine Physical Therapy Clinic,success,ChIJ9aRjdgRf3ogR3AmXgjMoW7M,4.6,75,http://www.sunshineptc.org/,(772) 562-6877,
10054,Skill Builders For Kids,success,ChIJRRfUr_bG2YgRe3I5mKSejeQ,5,19,http://www.sbforkids.com/,(786) 242-5710,
10055,Nicklaus Children's Miami Lakes Outpatient Center,success,ChIJY9WkkSy72YgRM-j9qZKHTNY,3.4,161,https://www.nicklauschildrens.org/locations/outpatient-centers/miami-lakes-outpatient-center,(786) 313-7800,
10056,Enhanced Living Therapy - 15291 Nw 60th Ave,success,ChIJZ7LeV0ml2YgRydcK5svWd_o,,,http://www.enhancedlivingtherapy.com/,(786) 615-3246,
10057,Rainbow Kids PPEC,success,ChIJvXeKT4al2YgR2m-AKJfrkcc,5,13,http://www.rbkids.net/,(786) 633-6661,
10058,Kind Kids Therapy Center,success,ChIJ8-5DuXqn2YgR2BdMNWNPHRM,,,https://www.kindkidstherapy.com/,(786) 635-7808,
10059,Big Bear Academy PPEC Miami - Medical Daycare,success,ChIJw0z56EHH2YgRMXWPke1HoUA,5,41,https://www.bigbearacademyppec.com/,(786) 641-6858,
10060,Loving Angels PPEC,success,ChIJpYhQxHu92YgR5AiVlfw2F8U,5,44,https://lovingangelsppec.com/,(786) 673-5400,
10061,Lotus Pediatric Day Care,success,ChIJySzCWfew2YgRw3XWUSemtI0,4.9,9,https://www.lotuskidscare.com/,(786) 803-8737,
10062,"Spark Pediatrics Medical Daycare (PPEC) - Palm Springs, FL",success,ChIJhRyy9vfX2IgRxSri-VTUDc4,4.1,14,https://www.sparkpediatrics.com/locations/west-palm-beach-center,(813) 219-3321,
10063,Back To Work Physical Therapy - Carrollwood,success,ChIJ-Zx42knBwogRV51H6sPeEsE,4.9,205,https://www.h2health.com/locations/back-to-work-physical-therapy/carrollwood-fl/,(813) 265-2221,
10064,Fyzical Westchase,success,ChIJBaoYrWHrwogR0o_16DpeQZ0,5,66,https://www.fyzical.com/westchase-fl,(813) 438-3579,
10065,Heart 4 Kids Therapy LLC - Tampa,success,ChIJmxCHy1PrwogRzCwzxI5FzlU,4.9,26,http://www.heart4kidstherapy.com/,(813) 444-4290,
10066,PT Solutions of Temple Terrace,success,ChIJSfx6QCnGwogRW21u8bzR-mU,4.9,160,https://ptsolutions.com/find-a-clinic/fl/temple-terr/temple-terrace/?utm_source=google&utm_medium=organic&utm_campaign=GMB-PT-Solutions-Temple-Terrace&utm_content=listing,(813) 542-2605,
10067,PT Solutions of Brandon,success,ChIJuak4maDPwogREHKjsX4plDs,5,274,https://ptsolutions.com/find-a-clinic/fl/tampa/brandon/?utm_source=google&utm_medium=organic&utm_campaign=GMB-PT-Solutions-Brandon&utm_content=listing,(813) 542-2619,
10068,PT Solutions of Tampa Palms,success,ChIJqfR6PZG5wogR8Sz4ADETDsQ,4.9,189,https://ptsolutions.com/find-a-clinic/fl/tampa/tampa-palms/?utm_source=google&utm_medium=organic&utm_campaign=GMB-PT-Solutions-Tampa-Palms&utm_content=listing,(813) 542-8188,
10069,PT Solutions of Citrus Park,success,ChIJPZpWoprqwogR4zKSPKwh0zY,5,278,https://ptsolutions.com/find-a-clinic/fl/tampa/citrus-park/?utm_source=google&utm_medium=organic&utm_campaign=GMB-PT-Solutions-Citrus-Park&utm_content=listing,(813) 543-0178,
10070,PT Solutions of Carrollwood,success,ChIJAUmWrIfBwogRAqV1a-FSPaE,4.9,159,https://ptsolutions.com/find-a-clinic/fl/tampa/carrollwood/?utm_source=google&utm_medium=organic&utm_campaign=GMB-PT-Solutions-Carrollwood&utm_content=listing,(813) 605-4838,
10073,Total Therapy,success,ChIJgXDKWyrSwogR3O9ZS42LZfg,4.7,7,http://www.totaltherapy.biz/,(813) 663-9828,
10074,Florida Rehabilitation Hospital at Tampa,success,ChIJLZ3m85zJwogRQYI0YzNDtQU,4.5,22,https://www.tampa-rehabhospital.com/,(813) 845-0106,
10075,Family First Therapy Inc,success,ChIJK7xQgCe5wogR4JzM_A8b7YY,5,117,http://www.familyfirsttherapyinc.com/,(813) 848-0341,
10076,PT Solutions of Town 'n' Country,success,ChIJv9usB4TpwogRmNLLd-41_Jg,4.9,90,https://ptsolutions.com/find-a-clinic/fl/tampa/town-n-country/?utm_source=google&utm_medium=organic&utm_campaign=GMB-PT-Solutions-Town-N-Country&utm_content=listing,(813) 981-8630,
10077,Thrive Therapy - Tallahassee,success,ChIJZ4RXArBZ7IgRzdFO5xfpmAc,4,3,https://www.thrivetherapytally.com/,(850) 518-7611,
10078,North Florida Therapy Services,success,ChIJlT3kbXDo7IgRenRuKO66exE,3.7,6,http://www.northfltherapy.com/,(850) 627-0476,
10079,Studer Family Children's Hospital Pediatric Rehabilitation - Pace,success,ChIJNYs2v3nskIgRFoV6DJMQXOA,4.8,12,https://healthcare.ascension.org/locations/florida/flpen/sfch/our-locations/pace-studer-family-childrens-hospital-pediatric-rehabilitation?utm_campaign=gmb&utm_medium=organic-search&utm_content=location-listing&utm_source=local,(850) 746-0125,
10080,Studer Family Children's Hospital Pediatric Rehabilitation - Gulf Breeze - 15 Daniel St 2nd,success,ChIJX7XWAqjHkIgRDo4XMSaP9Zc,,,https://healthcare.ascension.org/locations/florida/flpen/sfch/our-locations/gulf-breeze-studer-family-childrens-hospital-pediatric-rehabilitation?utm_campaign=gmb&utm_medium=organic-search&utm_content=location-listing&utm_source=local,(850) 746-0277,
10081,CenterWell Home Health - Tallahassee,success,ChIJHbR8qiRf7IgRZtQIHrxOO90,4.6,32,https://www.centerwellhomehealth.com/about-us/find-care-near-you/centerwell-home-health-tallahassee/?utm_source=Organic&utm_medium=GBP,(850) 878-2191,
10082,Pediatrics Therapy Center,success,ChIJvddLHqTukIgR2MjdaptrvTQ,5,59,http://www.pediatrictherapycenterflorida.com/,(850) 994-3456,
10083,CenterWell Home Health - Lakeland,success,ChIJo_kpbW0-3YgRitSOY4Rk8b0,4.7,32,https://www.centerwellhomehealth.com/about-us/find-care-near-you/centerwell-home-health-lakeland/?utm_source=Organic&utm_medium=GBP,(863) 648-9118,
10084,FIRST STEP THERAPY - Winter Haven,success,ChIJBfADYAoT3YgRRlmDLbdo090,4.3,61,http://www.firststep-therapy.com/,(863) 875-3599,
10085,Precious Kiddos Medical Daycare (PPEC),success,ChIJR9eQJ1gN3YgRcFJXAVa5fKE,4.6,29,http://www.mypreciouskiddos.com/,(863) 875-4259,
10086,FYZICAL Therapy & Balance Centers - Jacksonville East,success,ChIJDX74inxK5IgREk9_6nrJabU,4.8,91,http://www.fyzical.com/Jacksonville,(904) 223-2363,
10087,"H2 Health- Jacksonville Beaches, FL",success,ChIJAUM7O7RJ5IgRjdfkLh01kcI,4.9,125,https://www.h2health.com/locations/h2-health/jacksonville-beaches-fl/,(904) 223-4124,
10088,"H2 Health- Avenues Jacksonville, FL",success,ChIJzyo77KTL5YgRhyL5K6Wmjj8,4.9,122,https://www.h2health.com/locations/h2-health/jacksonville-avenues-fl/,(904) 262-7460,
10089,"H2 Health- Mandarin Jacksonville, FL",success,ChIJ9RcnWm7J5YgROfoNynAjPW0,4.9,154,https://www.h2health.com/locations/h2-health/jacksonville-mandarin-fl/,(904) 288-0900,
10090,Wolfson Children's Rehabilitation - Baptist Medical Center South,success,ChIJSVFJhbbM5YgRigm9qZgL93M,4.5,17,https://www.wolfsonchildrens.com/services/rehabilitation,(904) 292-1808,
10091,Lively Therapy ST & OT,success,ChIJl1-zBVsy5IgRq1qMR7YygPY,5,21,http://livelytherapyfl.com/,(904) 328-7489,
10092,Brooks Rehabilitation Outpatient Clinic - San Pablo,success,ChIJ14lVxjFK5IgRR43l2q8w6BQ,4.6,90,https://brooksrehab.org/locations/physical-therapy-san-pablo/?utm_source=listings&utm_medium=organic&utm_campaign=yext&utm_content=san-pablo,(904) 345-7510,
10093,"H2 Health- Ortega Jacksonville, FL",success,ChIJiw7qjG645YgR7tpvc_RoSHs,4.8,199,https://h2health.com/locations/ortega-fl/,(904) 384-4415,
10094,FYZICAL Therapy & Balance Centers - Mandarin,success,ChIJx7k1hLDP5YgRLmn7ejVg4-E,5,25,https://www.fyzical.com/mandarin-fl,(904) 431-0210,
10095,Brooks Rehabilitation Outpatient Clinic - Ortega,success,ChIJlccL5NHH5YgRmPAAbEeLHNo,5,34,https://brooksrehab.org/locations/physical-therapy-ortega/?utm_source=listings&utm_medium=organic&utm_campaign=yext&utm_content=ortega,(904) 483-2272,
10096,Wolfson Children's Rehabilitation - Baptist Medical Center Beaches,success,ChIJMTRYkTQ25IgRBP1p3FmpSMs,4.5,11,https://www.wolfsonchildrens.com/services/rehabilitation,(904) 627-1480,
10097,Baptist Rehabilitation (Adult) - Beaches Campus,success,ChIJe3w5nktJ5IgRl06Z6Ck4fyA,5,47,https://www.baptistjax.com/services/rehabilitation-services,(904) 627-2980,
10098,Bold Child Co.,success,ChIJh6G6AEO55YgRFG77I4a_LPY,5,47,https://www.boldchildco.com/,(904) 656-7755,
10100,"H2 Health- Arlington Jacksonville, FL",success,ChIJL4lJK-mz5YgR3mtw01ao6y8,4.9,327,https://h2health.com/locations/arlington-fl/,(904) 745-5599,
10101,"H2 Health- Northside Jacksonville, FL",success,ChIJRzVjVDyw5YgRRmvP10X9QQ0,4.8,221,https://h2health.com/locations/northside-fl/,(904) 751-2000,
10102,Brooks Rehabilitation Outpatient Clinic - Northside,success,ChIJBQgQiDSw5YgReYelw9BQL3s,4.7,62,https://brooksrehab.org/locations/physical-therapy-northside/?utm_source=listings&utm_medium=organic&utm_campaign=yext&utm_content=northside,(904) 757-1782,
10103,Pelican Therapy Partners,success,ChIJwTVhCdkB5YgR5GhDKBzOd7U,4.3,16,http://www.pelicantherapypartners.com/,(904) 849-1625,
10104,"H2 Health- Riverside Jacksonville, FL",success,ChIJcyfgjd635YgR8UIfsVEGP8w,4.9,76,https://h2health.com/locations/riverside-fl/,(904) 944-4042,
10105,H2 Health,success,ChIJbWbaQXW15YgR0bcES3szrn8,4.9,137,https://h2health.com/locations/southside-fl/,(904) 998-9129,
10106,South Florida Rehab Center,success,ChIJITftS0Cn2YgRERC1FPhVJ1U,5,38,https://sfloridarehab.com/,(954) 231-6699,
10108,CORA Physical Therapy West Pembroke Pines,success,ChIJ5boaZdel2YgRIUSZPqCSlSI,4.8,138,https://www.coraphysicaltherapy.com/location/west-pembroke-pines-florida/,(954) 435-5300,
10112,KidsCare Home Health - Florida Region 10 - 8569 Pines Blvd,success,ChIJxSOwg7ep2YgRKTW_gAaI93g,,,https://kidscarehomehealth.com/florida/,(954) 538-8588,
10113,"Little Explorers Therapy Services, PLLC - 4517 N Pine Island Rd",success,ChIJ3zeHQMUH2YgRhAT_PC03ZZc,5,1,https://www.littleexplorerstherapy.com/,(954) 591-8489,
10115,Adults to Pediatrics Therapy,success,ChIJC7biTwUJ2YgR0HB32x8wPzc,4.6,25,http://www.adultstopediatrics.com/,(954) 756-2818,
10117,"Spark Pediatrics Medical Daycare (PPEC) - Stuart, FL",success,ChIJkYSz-HHd3ogR7YJsMWztXCw,4.9,9,https://www.sparkpediatrics.com/locations/stuart-center,(813) 798-2809,
10118,"Speak Easy Solutions, LLC",success,ChIJ_____0N754gRAtLVsH4s24k,4.3,67,http://www.speakeasysolutionsllc.com/,(407) 359-5693,
10119,Bayside Therapy Specialists - Speech Therapy and Occupational Therapy - New Port Richey,success,ChIJcdzRxyuUwogRB_5Em_2b76M,4.9,80,https://www.baysidetherapyspecialists.com/,(813) 435-3355,
10129,FYZICAL Therapy & Balance Centers - North Fort Myers,success,ChIJX8rrHSdD24gR2EHDcMREzsw,4.7,164,https://www.fyzical.com/north-fort-myers-fl,(239) 731-6222,
10130,"Miami Physical Therapy Associates, Inc.",success,ChIJw7Y24LW32YgRLT1XJ9reqfY,5,209,http://www.miamipta.com/,(305) 444-0074,
10131,Miami Rehab & Wellness Center,success,ChIJTwe0zdW52YgRqM9vq0AGDS0,5,150,https://miamirehabpt.com/,(305) 631-2106,
10132,Deià Pediatric Therapy,success,ChIJgb9OP0al2YgRTvrli6iYQDw,5,7,https://www.deiatherapy.com/,(305) 771-0317,
10133,"Ameri-Care Professional Service, Inc",success,ChIJcRw-Bnqw2YgRCmYloCVYciE,5,19,https://ameri-carepro.com/,(305) 826-8800,
10134,Beachside Physical Therapy - Downtown Melbourne,success,ChIJIcXVq6QR3ogRuWA6d_Kx70c,5,104,https://www.h2health.com/locations/beachside-physical-therapy/,(321) 425-4321,
10135,CenterWell Home Health - Palm Bay,success,ChIJIedQhBEO3ogRKTuELwwCWK8,4.9,65,https://www.centerwellhomehealth.com/about-us/find-care-near-you/centerwell-home-health-palm-bay/?utm_source=Organic&utm_medium=GBP,(321) 725-4799,
10136,Felice Center,success,ChIJAQBwWUtw54gRC_MaE9S0nfY,5,2,http://www.felicecenter.com/,(321) 972-3960,
10139,PT Solutions of Mariner Square,success,ChIJraIpDzYf6IgRzqm0Fnaao30,4.8,23,https://ptsolutions.com/find-a-clinic/fl/brooksville/mariner-square/?utm_source=google&utm_medium=organic&utm_campaign=GMB-PT-Solutions-Mariner-Square&utm_content=listing,(352) 521-2255,
10140,FYZICAL Therapy & Balance Center - Spring Hill,success,ChIJix3BEtUh6IgReETU1dn8sTk,5,325,https://www.fyzical.com/springhill,(352) 592-9559,
10142,PT Solutions of Spring Hill,success,ChIJzdhw9IMg6IgRY9zob_fzw0A,4.8,50,https://ptsolutions.com/find-a-clinic/fl/spring-hill/spring-hill/?utm_source=google&utm_medium=organic&utm_campaign=GMB-PT-Solutions-Spring-Hill&utm_content=listing,(352) 683-4551,
10143,"Speech-Language and Feeding Services at Johns Hopkins All Children's Outpatient Care, Tampa - 12220 Bruce B Downs Blvd",success,ChIJ8SWpHR3HwogRL12pFE_h76U,,,https://www.hopkinsmedicine.org/all-childrens-hospital/services/rehabilitation/speech-language-and-feeding-services,(727) 767-4141,
10144,Trident Sports Medicine and Rehabilitation Inc.,success,ChIJO_rQCpXf5ogRl4rBpgrQZQ0,4.9,103,http://www.tridentsmar.com/,(386) 267-2965,
10145,CenterWell Home Health - Holly Hill,success,ChIJ5e-GQRLc5ogRKca98FZJpoQ,4.8,54,https://www.centerwellhomehealth.com/about-us/find-care-near-you/centerwell-home-health-daytona-beach/?utm_source=Organic&utm_medium=GBP,(386) 274-1088,
10146,Brooks Rehabilitation Home Health - Daytona Beach,success,ChIJn--0bKne5ogRG4XZUfLUzIo,4.6,28,https://brooksrehab.org/locations/home-health-daytona/?utm_source=listings&utm_medium=organic&utm_campaign=yext&utm_content=daytona-hh,(386) 274-3199,
10147,FYZICAL Therapy & Balance Centers - Port Orange,success,ChIJXSrT9n7Z5ogRBzuDh9RRLP0,5,50,https://www.fyzical.com/port-orange-fl,(386) 338-0633,
10149,"H2 Health- New Smyrna Beach, FL",success,ChIJldSFgyov54gRstoHY16IOQU,5,129,https://www.h2health.com/locations/h2-health/new-smyrna-beach-fl/,(386) 427-4866,
10150,Wolfson Children's Specialty Center - Columbia County,success,ChIJ7e7IEno574gR0cDPyIiM3sM,5,14,https://www.wolfsonchildrens.com/locations/lake-city,(386) 758-1811,
10151,Care Options for Kids - Jacksonville,success,ChIJT2ELBOXL5YgR_PMIBl2fryA,,,https://careoptionsforkids.com/,(386) 877-0372,
10152,Halifax Health Brooks Rehabilitation Outpatient - Ormond Beach,success,ChIJW6E1BPPc5ogRTEeVGzKRd6Y,4.7,29,https://brooksrehab.org/locations/physical-therapy-ormond-beach/?utm_source=listings&utm_medium=organic&utm_campaign=yext&utm_content=ormond-beach,(386) 898-0220,
10154,Azul Therapy Services Inc. - 2140 W Flagler St,success,ChIJqerexo232YgRkGDaBd-3NZs,4.8,20,http://azultherapyservices.com/,(786) 409-2646,
10155,The Therapy Place - Orlando,success,ChIJ4dfrQPtl54gRQJhk4pkoDBQ,3.8,45,https://www.thetherapyplace.com/,(407) 281-3803,
10156,AdventHealth Pelvic Health Rehab,success,ChIJ63uk05p754gR5C_8leidUtU,5,5,https://www.adventhealth.com/sports-medicine-and-rehab-care,(407) 303-8280,
10159,Conway Lakes Health & Rehabilitation - 5201 Curry Ford Rd,success,ChIJSWyb6Nxk54gRp6cllAEo0yw,3.2,125,http://conwaylakesrehab.com/,(407) 384-8838,
10160,Kids Place PPEC,success,ChIJDQa36R5H3YgRrL5-oCsd3Dk,4.6,28,http://www.kidsplaceppec.com/,(407) 455-1739,
10162,TheraPlay,success,ChIJ3aWs_GVp54gRboq8yrDMXmc,4.8,20,http://theraplayforkids.com/,(407) 790-5601,
10163,Central Florida Therapy,success,ChIJYdyo6ooS54gRDuf_ViYCgAQ,4.8,28,http://www.cfltherapy.com/,(407) 878-7664,
10164,Vissers Physical Therapy,success,ChIJkxbIfqB_54gRiVWOk7H-cIg,4.7,51,http://www.vissersphysicaltherapy.com/,(407) 903-9444,
10165,Pediatric Therapy Services of Greater Orlando,success,ChIJDQyAd3WD54gRCNj3_FYApWc,4.4,27,http://ptsgorlando.com/,(407) 905-8908,
10166,Kids First Therapy Center inc Orlando,success,ChIJCWMH51GH3YgRIc4SORVtJ4A,4.6,37,https://kidsfirsttc.com/,(407) 930-1000,
10168,Nicklaus Children's Palm Beach Gardens Outpatient Center,success,ChIJvUXFgaMq34gRqP44egcxLpU,3.2,119,https://www.nicklauschildrens.org/locations/outpatient-centers/palm-beach-gardens-outpatient-center,(561) 624-9188,
10170,Mountaineer's Therapeutic Center - 3151 N Military Trl,success,ChIJozd7tPEp2YgRwCY5iaB-iEo,,,https://mtherapeuticinc.org/contact,(561) 932-3938,
10171,Active Home Health Care Services,success,ChIJt_-_XZPX2IgRmHYekEetG_I,4.9,51,http://activehomehealthcare.com/,(561) 968-5553,
10174,Ability Learning Center Llc,success,ChIJAQAk6XSQwogRQVKGbjkByEA,4.7,6,https://www.abilitylearningcenter.com/,(727) 378-4182,
10175,FYZICAL Therapy & Balance Centers - Hudson,success,ChIJG5A-9k6bwogRTKco4CTJOAM,4.9,129,http://www.fyzical.com/Hudson-FL,(727) 378-4927,
10176,Restorative Solutions,success,ChIJoUXhSnrzwogRL3_vo1OerCQ,5,15,https://restorativesolutionsfl.com/,(727) 382-3809,
10177,PT Solutions of Tampa Road,success,ChIJMbIreIftwogRsvEUDJ5iHF4,5,268,https://ptsolutions.com/find-a-clinic/fl/palm-harbor/tampa-road/?utm_source=google&utm_medium=organic&utm_campaign=GMB-PT-Solutions-Tampa-Road&utm_content=listing,(727) 386-4688,
10178,Therapy Playhouse - 8673 15th Way N,success,ChIJ3dudUCHkwogRWvQ-5ih3AK8,,,https://therapyplayhouse.org/,(727) 423-0060,
10179,FYZICAL Therapy & Balance Centers - Largo East,success,ChIJeYX5HkDlwogRG9aOgiHbs2Y,4.9,42,https://www.fyzical.com/clearwater-fl,(727) 532-1900,
10182,Early Steps - Saint Petersburg,success,ChIJ9VRhdI_hwogRGkAlH5tF_yI,3.3,7,http://www.hopkinsallchildrens.org/earlysteps,(727) 767-4403,
10183,Johns Hopkins All Children’s Rehabilitation Center,success,ChIJVdPpHY_hwogRZt0mrNPGwhw,,,https://www.hopkinsmedicine.org/all-childrens-hospital/services/rehabilitation,(727) 767-7272,
10184,PT Solutions of East Lake,success,ChIJo9sHoCntwogRyWg_l7MqGa4,5,187,https://ptsolutions.com/find-a-clinic/fl/palm-harbor/east-lake/?utm_source=google&utm_medium=organic&utm_campaign=GMB-PT-Solutions-East-Lake&utm_content=listing,(727) 781-1223,
10185,"Johns Hopkins All Children's Outpatient Care, East Lake",success,ChIJrWUiIQHtwogRkDrmAqHtxHw,4.6,123,https://www.hopkinsmedicine.org/patient-care/locations/johns-hopkins-all-childrens-outpatient-care-east-lake,(727) 786-5482,
10186,"Johns Hopkins All Children's Outpatient Care, Pasco",success,ChIJ8ziafaCRwogRXi2avfbonDM,4.6,218,https://www.hopkinsmedicine.org/patient-care/locations/johns-hopkins-all-childrens-outpatient-care-pasco,(727) 846-9900,
10187,TherHappy Therapy Services - Hudson - 11820 Denton Ave,success,ChIJ55l74M6ewogRrFkK803qREY,4.8,26,http://therhappy.org/,(727) 862-9101,
10188,WonderKids PPEC | Prescribed Pediatric Extended Care,success,ChIJ-5aBFyAF2YgRGmE7TuLJXUE,5,5,https://thewonderkidsppec.com/,(754) 206-2953,
10189,FYZICAL Therapy & Balance Centers - Beverly Park,success,ChIJ5xuDTk6p2YgRoXljisXtvTk,4.9,43,https://www.fyzical.com/beverly-park-fl,(754) 277-4940,
10190,Bit-By-Bit Medical Therapeutic Riding Center - Southwest Ranches,success,ChIJN0gA1Y-n2YgR6GtCL1BaSjM,4.6,48,http://bitbybittherapy.org/,(754) 779-7888,
10191,CenterWell Home Health - Port Saint Lucie,success,ChIJ3Qlcyn7s3ogRaSdXv4xuDxk,4.8,37,https://www.centerwellhomehealth.com/about-us/find-care-near-you/centerwell-home-health-south-port-st-lucie/?utm_source=Organic&utm_medium=GBP,(772) 223-2116,
10192,FYZICAL Therapy & Balance Centers - Stuart - 4287 Se Federal Hwy,success,ChIJr_ehAU_c3ogReqVhkTRbyr0,4.9,104,http://www.fyzical.com/treasurecoast,(772) 223-3440,
10193,FYZICAL Therapy & Balance Centers - Stuart - 1609 Nw Federal Hwy,success,ChIJy54_8Nnn3ogRaePPnhFi02o,4.9,54,http://www.fyzical.com/treasurecoast,(772) 225-8908,
10194,Martin County PPEC Services,success,ChIJN4rKt0Ld3ogRBiCUlKrdgmY,4.7,29,https://martincountyppec.com/,(772) 288-6466,
10195,Life Care Center of Port St. Lucie,success,ChIJYSjVp5fo3ogREzBn7PkFuCY,4.6,395,https://lcca.com/locations/fl/port-st-lucie/,(772) 398-8080,
10196,Behavioral for kids Corp,success,ChIJ8Q9CW0ml2YgRM_iBODe4V-4,2.3,3,http://behavioralforkids.com/,(786) 360-2655,
10197,Larroche Helping Hands LLC,success,ChIJcT9OTCZonyMRF7gguzZ-WYE,5,24,https://larrochehelpinghands.com/,(786) 368-4157,
10198,Step by Step Childrens Center,success,ChIJywV3q12l2YgR662yfnHwnHk,5,4,https://stepbystepppec.com/,(786) 534-6142,
10199,Integrated Rehabilitation Center,success,ChIJtW5KFhil2YgRdXo6lLsMMmc,5,5,https://www.integratedrehabctr.net/,(786) 554-4776,
10200,PT Solutions of Fishhawk,success,ChIJPZ2NW_zTwogRN8yyYK9qzQ0,5,181,https://ptsolutions.com/find-a-clinic/fl/lithia/fishhawk/?utm_source=google&utm_medium=organic&utm_campaign=GMB-PT-Solutions-Fishhawk&utm_content=listing,(813) 324-8009,
10201,Back To Work Physical Therapy - South Tampa,success,ChIJVWyaI8_cwogRaykdPj_VmUg,4.9,103,https://www.h2health.com/locations/back-to-work-physical-therapy/south-tampa-fl/,(813) 333-2694,
10202,EARLY INTERVENTION SOLUTIONS LLC,success,ChIJm88reNm7wogRRocuHHnpOLw,5,1,http://www.earlyinterventionsolutionsllc.com/,(813) 335-1173,
10203,PT Solutions of Race Track Road (formerly Westchase Physical Therapy),success,ChIJgwyGJXDrwogRnvEyn2sMRYQ,5,929,https://ptsolutions.com/find-a-clinic/fl/tampa/race-track-road/?utm_source=google&utm_medium=organic&utm_campaign=GMB-PT-Solutions-Race-Track-Road&utm_content=listing,(813) 343-3960,
10204,PT Solutions of North Westchase,success,ChIJdfyK-XLrwogRdQCeWLWcp3o,5,91,https://ptsolutions.com/find-a-clinic/fl/tampa/tampa-north-westchase/?utm_source=google&utm_medium=organic&utm_campaign=GMB-PT-Solutions-North-Westchase&utm_content=listing,(813) 358-2967,
10205,The Blue Door Holistic Therapy & Lactation,success,ChIJCzqcaxSXwogRH8WDxY1kL_M,5,53,https://www.thebluedoorwellness.com/,(813) 364-2391,
10206,"Tampa Choice Therapy, LLC",success,ChIJcX07a1Be7IcR1mU8y1NVFaM,5,32,https://www.tampachoicetherapy.com/,(813) 388-5334,
10207,PT Solutions of Carrollwood South,success,ChIJMfxTbujBwogR6qtOivng_Wc,5,66,https://ptsolutions.com/find-a-clinic/fl/tampa/carrollwood-south/?utm_source=google&utm_medium=organic&utm_campaign=GMB-PT-Solutions-Carrollwood-South&utm_content=listing,(813) 396-6990,
10208,True blue,success,ChIJVXH9eq7NwogRRB_DeHpBSwo,4.7,13,http://truebluepediatrictherapy.com/,(813) 404-4878,
10210,St. Joseph's Children's Pediatric Rehabilitation Services,success,ChIJ_1qwcezDwogRD8Uj-fV8P7I,4.7,15,https://baycare.org/locations/s/st-josephs-childrens-pediatric-rehabilitation-services?utm_campaign=BayCare_DigitalMarketing_M20140288&utm_source=Google&utm_medium=LocalListing&utm_content=St._Josephs_Childrens_Pediatric_Rehabilitation_Services,(813) 554-8962,
10211,"Johns Hopkins All Children's Outpatient Care, Tampa",success,ChIJbVV2t6bHwogRC70lXFHsHlY,4.5,386,https://www.hopkinsmedicine.org/patient-care/locations/johns-hopkins-all-childrens-outpatient-care-tampa,(813) 631-5000,
10212,PT Solutions of Plant City,success,ChIJ1ynxRmw33YgRLlKkCo3NDYE,5,264,https://ptsolutions.com/find-a-clinic/fl/plant-city/plant-city/?utm_source=google&utm_medium=organic&utm_campaign=GMB-PT-Solutions-Plant-City&utm_content=listing,(813) 652-8027,
10214,PT Solutions of Zephyrhills,success,ChIJ_1tNeWFN3YgRKhIO5vT8Xf8,4.9,274,https://ptsolutions.com/find-a-clinic/fl/zephyrhills/zephyrhills/?utm_source=google&utm_medium=organic&utm_campaign=GMB-PT-Solutions-Zephyrhills&utm_content=listing,(813) 815-9422,
10215,PT Solutions of Oldsmar (formerly Westchase Physical Therapy),success,ChIJk0CHoVjtwogRkKd77KBlvJQ,5,116,https://ptsolutions.com/find-a-clinic/fl/oldsmar/oldsmar/?utm_source=google&utm_medium=organic&utm_campaign=GMB-PT-Solutions-Oldsmar&utm_content=listing,(813) 818-1400,
10216,St. Joseph's Outpatient Rehabilitation Center,success,ChIJn3cAiuvDwogR4aQ7cpCVNis,4.8,122,https://baycare.org/locations/s/st-josephs-outpatient-rehabilitation-center?utm_campaign=BayCare_DigitalMarketing_M20140288&utm_source=Google&utm_medium=LocalListing&utm_content=St._Josephs_Outpatient_Rehabilitation_Center,(813) 870-4877,
10217,TheraKids Plus Inc.,success,ChIJrYntMaS4wogR5IgDL6r-6z8,3.2,13,http://therakidsplusinc.com/,(813) 873-1936,
10218,Back To Work Physical Therapy - Westchase - 10960 Sheldon Rd,success,ChIJWYUCKF7qwogRDud2aDIgRA8,5,176,https://www.h2health.com/locations/back-to-work-physical-therapy/westchase-fl/,(813) 926-4346,
10219,HealthPRO Pediatrics North Tampa,success,ChIJuUd3x4THwogRmPktXEnS2rc,4.3,110,https://healthpropediatrics.com/north-tampa-fl/,(813) 961-1666,
10220,Kids SPOT - Lutz,success,ChIJ2-qEotS9wogRq19Qwny3Fik,4.2,30,https://www.kidsspotrehab.com/?utm_source=google&utm_medium=organic&utm_campaign=gmb&utm_content=lutz,(813) 973-1033,
10221,Studer Family Children's Hospital Pediatric Rehabilitation - Port St. Joe - 3871 Us-98,success,ChIJ-eZxBamVlIgRfhQbZMdKrzo,,,https://healthcare.ascension.org/locations/florida/flpen/sfch/our-locations/port-st-joe-studer-family-childrens-hospital-pediatric-rehabilitation?utm_campaign=gmb&utm_medium=organic-search&utm_content=location-listing&utm_source=local,(850) 229-5752,
10222,Be Strong Therapy Services - Cancer Rehab,success,ChIJY_wAPaZf7IgRECQ0-tPtccw,5,73,https://www.bestrongtherapy.com/,(850) 270-7374,
10223,Studer Family Children's Hospital Pediatric Rehabilitation - Santa Rosa Beach,success,ChIJL5zfn7K_lIgRdfuDJtUh1-0,5,1,https://healthcare.ascension.org/locations/florida/flpen/sfch/our-locations/santa-rosa-beach-studer-family-childrens-hospital-pediatric-rehabilitation?utm_campaign=gmb&utm_medium=organic-search&utm_content=location-listing&utm_source=local,(850) 278-3398,
10224,Ascension Sacred Heart Rehabilitation The Market Shops,success,ChIJB1obieZZkYgR_eXLa2hp2TQ,4.5,51,https://healthcare.ascension.org/locations/florida/flpen/miramar-beach-ascension-sacred-heart-rehabilitation-the-market-shops?utm_campaign=gmb&utm_medium=organic-search&utm_content=location-listing&utm_source=local,(850) 278-3770,
10225,Studer Family Children's Hospital Pediatric Rehabilitation,success,ChIJ976uXw3AkIgRjoPFHNHCtlE,2.6,5,https://healthcare.ascension.org/locations/florida/flpen/sfch/our-locations/pensacola-studer-family-childrens-hospital-pediatric-rehabilitation?utm_campaign=gmb&utm_medium=organic-search&utm_content=location-listing&utm_source=local,(850) 416-7340,
10226,Nicklaus Children's Dan Marino Outpatient Center,success,ChIJ7Y0RWU2n2YgRWPMkBqo0thM,3,80,https://www.nicklauschildrens.org/locations/outpatient-centers/dan-marino-outpatient-center,(866) 558-6510,
10227,LifeCare Therapy,success,ChIJ8-G4yKIF2YgRY8nEhv4X6KU,5,33,http://www.lifecaretherapy.com/,(866) 718-5757,
10228,Baptist Rehabilitation - Baptist South Campus,success,ChIJL2mrZMDM5YgR6d3Jv7GYXxQ,5,103,https://www.baptistjax.com/services/rehabilitation-services,(904) 271-6575,
10229,Wolfson Children's Rehabilitation - HealthPlace at Nocatee,success,ChIJ46iMsGMz5IgRKJpqmNIZLy4,4.4,7,https://www.wolfsonchildrens.com/services/rehabilitation,(904) 271-7500,
10230,Brooks Rehabilitation Pediatric Clinic - St. Augustine,success,ChIJbfsoKFud5ogRU88IEjheP3o,4.7,30,https://brooksrehab.org/locations/st-augustine-pediatric-center/?utm_source=listings&utm_medium=organic&utm_campaign=yext&utm_content=st-augustine-peds,(904) 417-6236,
10231,UF Health Rehabilitation - Emerson,success,ChIJ6XhuoW-25YgR6A5K6o_ovGA,4.8,30,https://ufhealthjax.org/locations/uf-health-rehabilitation-emerson,(904) 427-8900,
10232,All Together Wellness,success,ChIJURAyriGAgmsRQvxmPyGfUus,5,41,http://www.alltogetherwellness.net/,(904) 450-5061,
10233,Ascension St. Vincent's Southside - Inpatient Rehabilitation,success,ChIJU33knKXL5YgR-7XWYFcpid0,5,18,https://healthcare.ascension.org/locations/florida/fljac/jacksonville-ascension-st-vincents-southside/departments/inpatient-rehabilitation?utm_campaign=gmb&utm_medium=organic-search&utm_content=location-listing&utm_source=local,(904) 450-7200,
10234,Wildflower Pediatric Therapy,success,ChIJBU_oRGyr5YgRiyBB5ut4Lls,5,3,https://wildflowerpediatrictherapyfl.com/,(904) 468-5124,
10236,Encompass Health Rehabilitation Hospital of Jacksonville - 11595 Burnt Mill Rd,success,ChIJ3bGNvqjL5YgRrRVRV0md4a0,4.5,113,https://www.encompasshealth.com/locations/jacksonville-rehab?utm_source=google&utm_medium=organic&utm_campaign=gbp,(904) 596-5000,
10237,Jump Start pediatrics,success,ChIJbSTdBN-15YgR6oS-bZ2ybxM,4.9,8,http://jumpstartppec.com/,(904) 683-4355,
10238,Angels of Care Pediatric Home Health,success,ChIJ3Un2HQbK5YgR7R56OA5Y9UA,4.4,25,https://angelsofcare.com/,(904) 683-8666,
10239,"H2 Health- Westside Jacksonville, FL",success,ChIJ09x-D0q_5YgR4cDnd6OEOMY,4.9,330,https://h2health.com/locations/westside-fl/,(904) 781-5666,
10240,Pediatric Therapy Solutions,success,ChIJRRdOGyY_w4gRUCwLPaFx1xc,4.2,5,https://pediatrictherapysolution.com/,(941) 360-0200,
10241,Purposeful Play Pediatric Therapy,success,ChIJ31_IhVNbw4gRBMmjlVhgp9g,5,21,https://purposefulplaypediatrictherapy.com/,(941) 375-9813,
10243,Kids SPOT - Pompano Beach,success,ChIJD-T-IKkC2YgRj68m1UbeeNc,2.9,61,https://www.kidsspotrehab.com/?utm_source=google&utm_medium=organic&utm_campaign=gmb&utm_content=pompano,(954) 580-2520,
10245,Care Options for Kids - Room 204,success,ChIJf0QxoPkD2YgRCD4g05aGS70,3.5,6,https://careoptionsforkids.com/,(954) 654-7577,
10248,AKL Pediatric Therapy - Longwood,success,ChIJl3vb0fdz54gRDabasaELM3M,4.9,23,http://www.akltherapy.com/,(407) 272-8813,
10249,AMP PEDIATRIC THERAPY,success,ChIJzwMcGYdd54gR069jJGATXLc,4.7,85,https://www.amptherapyfl.com/,(407) 970-0824,
10252,Advance Therapy Works,success,ChIJqd26ngzB2YgRKwdijInK0VY,4.7,36,http://www.advancetherapyworks.com/,(305) 378-5247,
10253,"Great Strides Pediatric Rehabilitation- Bartram Park, FL",success,ChIJ3W0qd9TN5YgRQU9ly7Rfn3Y,4.6,53,https://www.h2health.com/locations/great-strides-pediatric-rehabilitation/bartram/,(904) 886-3228,
10256,Skill Point Therapy - Tampa,success,ChIJCa0dvPLBwogRilcmjCoP9eQ,4.2,5,https://www.skillpointtherapy.com/,(813) 491-8300,
10258,"Speech and Feeding Therapy Services at Johns Hopkins All Children's Outpatient Care, Pasco",success,ChIJx8xoR_WRwogRa0AgG0BPNzk,5,1,https://www.hopkinsmedicine.org/all-childrens-hospital/services/rehabilitation/speech-language-and-feeding-services?utm_source=ExtendedNetwork&utm_medium=Organic&utm_campaign=Yext&utm_content=FAD&utm_keyword=2173034317191106458,(727) 846-9900,
10262,Daytona Beach Health and Rehabilitation Center - Holly Hill,success,ChIJXT6UyMLb5ogRXch3Hzbadz4,3.3,68,http://daytonabeachhealthandrehab.com/,(386) 252-3686,
10263,Achieve Pediatric Therapy,success,ChIJPbYhDwdn54gR6wVg7OArxu0,4.4,28,https://achievepediatrictherapy.com/,(407) 277-5400,
10264,FUSSION THERAPY INC. - Hialeah,success,ChIJIYFDfAC72YgRZ5SWVIrkwAQ,5,5,https://www.fussiontherapy.com/,(954) 793-0775,
10265,Beckman & Associates,success,ChIJwxahLQtw54gRN29QdZKGBqM,5,28,http://www.beckmanandassociates.com/,(407) 647-4740,
10266,PT Solutions of Largo,success,ChIJGwahsDz7wogRHnvgBJD_0fs,4.8,99,https://ptsolutions.com/find-a-clinic/fl/largo/largo/?utm_source=google&utm_medium=organic&utm_campaign=GMB-PT-Solutions-Largo&utm_content=listing,(727) 281-9617,
10268,"Encompass Health Rehabilitation Hospital, an affiliate of Martin Health",success,ChIJ-3ECPWbc3ogR-6wyGvVC-9A,4.6,148,https://www.encompasshealth.com/locations/martin-rehab?utm_source=google&utm_medium=organic&utm_campaign=gbp,(772) 324-3500,
10269,HealthPRO Pediatrics Riverview,success,ChIJG4vDZlnPwogRXhF29CTLi3Y,4.6,33,https://www-healthpro-heritage-com.sandbox.hs-sites.com/pediatrics/riverview-fl/,(813) 492-8310,
10270,PT Solutions of South Tampa,success,ChIJuwWPgm3DwogR_X-JRVzn8ak,4.9,189,https://ptsolutions.com/find-a-clinic/fl/tampa/south-tampa/?utm_source=google&utm_medium=organic&utm_campaign=GMB-PT-Solutions-South-Tampa&utm_content=listing,(813) 497-5059,
10271,Therapy Care - Port Charlotte,success,ChIJ7y44ocQBmiARKlrqidT716k,5,46,https://therapycare.com/contact-us/port-charlotte/,(941) 888-4710,
10272,From the Heart Therapy,success,ChIJnyw3GR0B2YgRMZfG-bS7tmY,5,41,https://fromthehearttherapyot.com/,(954) 999-5597,
10273,Therapist To You,success,ChIJ_Th2qf8F3ogRPPvFmHON7bw,,,https://www.therapisttoyou.com/,(561) 632-0926,
10279,FYZICAL Therapy & Balance Centers - Largo,success,ChIJ994SvZ35wogRFTxK2qQty40,4.9,63,https://www.fyzical.com/largo-fl,(727) 596-2101,
10280,"Cornerstone Therapy Services, Inc",success,ChIJVV9fljgP3ogR98MJcn9wMkk,4.1,31,http://www.cornerstonetherapy1.com/,(321) 432-2572,
10296,Azul Therapy Services - Hialeah,success,ChIJa0iwNo272YgR1Ref2ocEopk,4.8,16,http://azultherapyservices.com/,(786) 409-2646,
10298,B & V Thera-Pro Associates Corporation - South Kendall,success,ChIJZanS8L3B2YgRwbdx2AbjBHU,4.9,107,https://kidstherapro.com/,(305) 385-0168,
10302,IMPACT Academy of Tallahassee,success,ChIJ-97YcyRf7IgRe1B8aJy5bvc,,,http://impacttlh.org/academy/,(850) 325-6301,
10305,Little Star Therapy Services - Miami,success,ChIJV8NycnSz2YgR8oDi75JUMN4,4,4,https://www.littlestartherapy.com/,(786) 297-1880,
10307,Ability Plus Therapy,success,ChIJKVGWdeAO3ogR0fq8MVjBu0Q,4.6,32,http://www.abilityplustherapy.com/,(321) 255-6627,
10308,"Advanced Health Physical Therapy, Inc.",success,ChIJCTP3LgsG2YgRTI_snowEqTU,,,http://www.advancedhealthphysicaltherapy.com/,,
10309,Beyond Therapy,success,ChIJ-5rItC6H3YgRw_X6wOgzfUc,3.7,63,http://www.centralfltherapy.com/,(407) 857-6285,
10313,FYZICAL Therapy & Balance Centers - Tallahassee,success,ChIJMXLnKx9f7IgRPax9nNg2V5Q,4.8,26,https://www.fyzical.com/tallahassee,(850) 656-3163,
10314,First Kid's PPEC - Hollywood,success,ChIJkWBxFlqp2YgR3XT6JMoi31g,5,36,https://fkppec.com/,(866) 635-7732,
10315,First Step Therapy-Longwood,success,ChIJ9SPBZB1z54gRcimgcROMDqM,4.2,22,http://www.firststep-therapy.com/,(321) 972-8326,
10316,Fyzical Therapy & Balance Centers,success,ChIJlyu3sOyx2YgRtftMg2ZT_9U,5,66,https://www.fyzical.com/miami-littleriver,(305) 677-8262,
10317,Fyzical Therapy and Balance Centers - formerly Physical Therapy Associates PA,success,ChIJVy7yu-3H2YgRKPxmPQv6BYM,4.9,148,https://www.fyzical.com/south-miami-fl,(305) 662-4915,
10320,Kids In Care PPEC - Prescribed Pediatric Extended Care,success,ChIJuXqX3ign2YgRJhByaS9vAOw,4.5,8,https://kidsincareppec.com/,(561) 829-7646,
10321,Lampert's Therapy Group,success,ChIJoxL6_t76wogRIhWE3rdpYRI,4.5,61,http://www.lampertstherapy.com/,(727) 541-5304,
10322,Lighting Behavior Services - Miami Lakes,success,ChIJBT1LQlal2YgRVG_xy3nI4mA,4.8,12,http://www.lightingbehavior.com/,(305) 515-2726,
10323,MELBOURNE TERRACE REHABILITATION CENTER,success,ChIJX_i_DxES3ogRbi8fwqOAHQU,4.1,131,http://melbourneterracerehab.com/,(321) 725-3990,
10324,Navigate Home Health Care,not_found,,,,,,
10327,In Your Hands Behavior. Corp ABA Therapy,success,ChIJXdxb9yhD24gRShkxVBOvej0,4.7,13,https://www.inyourhandsbehavior.com/,(239) 257-1088,
10328,"COMMUNITY RESOURCE NETWORK OF FLORIDA, LLC",success,ChIJHc3JQIBq24gRyu8SXXccCzM,5,3,,,
10330,"GLORIA LONGO, INC.",success,ChIJlUCmkREE24gRS3GjcZSwr6A,,,,,
10333,NEXT LEVEL SUPPORTS LLC,not_found,,,,,,
10334,FRESH OASIS INC.,success,ChIJm6Hgb-Uf24gRnUlaEGL_Rzo,4.7,313,http://theoasisnaples.com/,(239) 649-0800,
10337,"ERMAS CARE, INC",success,ChIJb9uaM6Zbw4gRT6yi7E3tJrc,5,9,http://www.smh.com/Home/Locations/Health-Care-Center-at-Venice,(941) 952-4250,
10338,CARE HAVEN LLC,success,ChIJId6AC2f5wogRsw-bI64xZKk,5,76,https://www.arden-courts.com/communities/seminole?utm_source=google&utm_medium=organic&utm_campaign=gmb,(727) 788-4322,
10339,"ROSEMARIES SUPPORT SERV, INC.",success,ChIJ7e7w6bUx2YgRMnEZ6t5nW4Y,,,http://lges.palmbeachschools.org/,(561) 904-9200,
10341,INFINITE HEART SUPPORT CARE SERVICES LLC,success,ChIJIYzrVwHRwogRFcLCIHkYQuE,,,,(813) 705-7900,
10348,A KIND LOVING HAND LLC,success,ChIJM-iszvV754gRysBHUb0oBr4,4,8,http://www.comfortinghomecare.org/,(407) 610-9002,
10352,"PAPITO GROUP HOME, INC.",success,ChIJVVVxS3av2YgRzjeZSaSt4IE,4.5,13,https://cghfingerprinting.showit.site/,(305) 621-6324,
10353,"H2T PT, LLC - West Palm Beach",success,ChIJ35RsQR3X2IgRtumVMBkt6Ic,5,105,http://www.h2tpt.com/,(561) 867-8789,
10354,Path Medical - Hollywood,success,ChIJMep_Z3Op2YgRigQs8ZMx1eU,4.9,261,https://pathmedical.com/,(954) 963-1899,
10357,Miami Autism Recovery Preschool - North Miami Beach,success,ChIJQVSTUCOs2YgReBpttBxOZyA,4.8,22,http://www.miamiautismrecoverypreschool.com/contact-us.html,(786) 251-4092,
10358,My Favorite Therapists - Royal Palm Beach,success,ChIJRed06acp2YgRadEvljFoUGA,5,2,https://myfavoritetherapistswestpalmbeach.com/,(754) 444-3707,
10360,Quest Kids Therapy - Winter Garden,success,ChIJzysHvnSD54gRsaTqSrNcGg0,5,1,https://questinc.org/quest-kids-therapy/,(407) 218-4340,
10362,ADULT CARE HOUSING INC,success,ChIJ64PnebHkwogRbwjqoYlVJFM,3,2,http://adultcarehousinginc.com/,(727) 273-8072,
10364,Arc Broward WorkBar,success,ChIJo29JEqoB2YgRKJZDWs06Pr0,4.2,19,http://www.arcbroward.com/,(954) 746-9400,
10365,TOGETHER WE CARE LLC,success,ChIJm8iqCHC954gRY3Wbkaou7eA,4.4,31,https://www.wecarelakecounty.org/,,
10367,FLOW SUPPORT,success,ChIJJV8mal-7wogRoj6FdsFjbZU,3.2,21,http://www.adventhealth.com/find-doctor/doctor/ailis-marrero-md-1538355599,(813) 803-7907,
10369,Harmony United Psychiatric Care,success,ChIJDY_X6kQP3ogRR0NcCngKJVU,4.5,27,https://hupcfl.com/,(800) 457-4573,
10377,Symmetry Physical Therapy,success,ChIJA_W76Ju22YgRqvPikO-uQ8s,5,223,https://www.symmetryptmiami.com/,(305) 331-2277,
10378,Give Me 5 Therapy and PPEC Center,success,ChIJp4VzcEq52YgRhVBQDm1D1GY,5,16,http://www.giveme5ppec.com/,(305) 456-3632,
10379,Sports Chiropractic Health & Rehab,success,ChIJ7aD1CVwN3ogRkqRFg6MW8U8,4.7,60,http://www.schrpalmbay.com/,(321) 586-7145,
10380,"Kelly L Rain, Ph.D.",success,ChIJaWnzhZER3ogRSWa0vLM4JZo,5,7,http://www.brevardchildpsychologist.com/,(321) 984-0708,
10381,Path Medical - Palm Beach Lakes,success,ChIJK-oVPfzX2IgRJBFySiyQk1c,5,75,https://pathmedical.com/,(561) 240-6584,
10382,Pediatric Therapy Connections,success,ChIJd-PnJ0Pn3ogR4UHnCkt-vkQ,4.8,25,https://ptherapyconnections.com/,(772) 301-8891,
10383,Children's Premier Therapy,success,ChIJ1biNNYDH2YgRGZX5kMY9fwI,5,28,http://www.childrenspremiertherapy.com/,(786) 646-2555,
10385,Tallahassee Orthopedic & Sports Physical Therapy - Collegiate Village,success,ChIJVX1YZFz17IgRgl4JRpy_EMo,5,66,https://tospt.com/location/collegiate-village/,(850) 985-9221,
10394,BASS ABA Therapy - Ormond Beach,success,ChIJ7QUITibd5ogRqr-z8SAMYFQ,4.7,3,https://www.bassautism.com/,,
10395,"EDUMATICS, INC.",success,ChIJKbbfbB5554gRdMlP6j7qTwA,,,,(407) 445-1111,
10396,"Small Steps Pediatric Therapy, Inc",success,ChIJ7cyQGxmE3YgRISkigN9SJgQ,4.8,23,http://www.smallstepstx.com/,(407) 847-7344,
10398,Beyond Speaking Rehab Specialists,success,ChIJS98SMQCD3YgRxlCHHIeXXBs,4.7,15,https://www.beyondspeakingrehab.com/,(689) 800-1711,
10399,Tampa Therapy,success,ChIJE3VOyQLDwogRxmPVtbzLviY,4.9,234,http://www.tampatherapy.com/,(813) 474-9395,
10400,PhysioCare Spine & Sport,success,ChIJ67rxqajDwogRV3RrLONHiYM,5,54,https://www.1physiocare.com/,(813) 395-0018,
10401,Early Steps - Jacksonville,success,ChIJnQsjvD635YgRssM3J0bIW_g,3.7,3,https://floridaearlysteps.com/,(904) 427-7600,
10402,In Balance Mental Wellness llc,success,ChIJJ_ig057L5YgRy05b34ksKWo,5,20,http://inbalancementalwellness.com/,(904) 664-2178,
10403,In Motion Physical Therapy,success,ChIJk2hwL-t654gRjTrYYF12LgU,4.8,43,https://www.inmotionorlando.com/?utm_source=gmb&utm_medium=organic,(321) 430-0551,
10406,Always Keep Progressing - Miami Shores,success,ChIJ2xfBsfaz2YgRUq65zCnpv_M,4.4,87,https://www.alwayskeepprogressing.com/,(786) 206-4151,
10407,Kernaghan & Moore Speech Therapy,success,ChIJediB83SRwogR6WbQpkkQjTo,4.9,18,http://kernaghanmoore.com/,(727) 376-1111,
10408,One on One Behavioral Services,success,ChIJRTWlTc_B2YgRFYJFYNIMfO4,4.9,10,https://www.onebehavior.com/,(305) 204-7037,
10410,November & Associates Therapy Center - Port Saint Lucie,success,ChIJJfhgDpLo3ogRE6deTbxoIGE,4.6,27,http://novemberandassociatestherapy.com/,(772) 342-1435,
10411,Nicklaus Children's Hospital Orthopedic Institute,success,ChIJd6WQPD642YgRmU3e7AfkIpA,3.7,20,https://www.nicklauschildrens.org/medical-services/orthopedics,(305) 662-8366,
10415,Campus Church,success,ChIJPTP-DpK_kIgR-lHc8boVeQw,4.5,204,http://campuschurch.com/,(850) 479-6575,
10416,Grace Church – Cape Coral Campus,success,ChIJKw6bSGZB24gRBDFFZzGumEA,4.7,267,http://www.egracechurch.com/,(239) 574-7161,
10417,Mosaic Church – Winter Garden Campus,success,ChIJh6fK-VeE54gRBPvdRTEQes0,4.8,295,http://thisismosaic.org/,(407) 654-8220,
10418,Idlewild Baptist Church,success,ChIJ5V2N9B6_wogRlvwa3oOEqko,4.8,896,http://www.idlewild.org/,(813) 264-1515,
10419,First Presbyterian Church of Lakeland,success,ChIJQbklTzs_3YgRL33Fm2t73oQ,4.8,49,http://www.fpclakeland.org/,(863) 686-7187,
10420,Mission Hill Church (Central Campus),success,ChIJz8-vMGjIwogRkYuBRiQB3R0,4.6,130,http://www.missionhill.org/,(813) 988-1138,
10421,First Baptist Orlando,success,ChIJ7ZOuXuF754gRJd55qLJVA6c,4.8,1625,http://www.firstorlando.com/,(407) 425-2555,
10422,Bay Hope Church – Lakeshore Campus,success,ChIJiwvheJa_wogRFMmIlRt16zg,4.8,151,http://www.bayhope.church/,(813) 968-3983,
10424,Lakewood Ranch Baptist Church,success,ChIJ668ED0w4w4gRd9Da4vgndd8,4.7,54,http://www.lwrbaptist.com/,(941) 257-4431,
