provider_name,phone,city,state,website,has_valid_website,pages_crawled,aba_found,aba_pages,autism_found,autism_pages,pediatric_speech_found,pediatric_ot_found,pediatric_pt_found,therapy_pages,recommendation,notes
Skycrest Place Group Home,(727) 254-1196,Clearwater,FL,http://www.skycrestplace.com/,TRUE,1,FALSE,,FALSE,,FALSE,FALSE,FALSE,,FLAG_FOR_REMOVAL,"Crawled 1 pages - no ABA, autism, or pediatric therapy found"
Therapeutic Well-being,(863) 603-3128,Lakeland,FL,https://www.facebook.com/profile.php?id=100087640722430,TRUE,10,FALSE,,FALSE,,FALSE,FALSE,FALSE,,FLAG_FOR_REMOVAL,"Crawled 10 pages - no ABA, autism, or pediatric therapy found"
Better Living Solutions Counseling & Nutrition Center,(850) 329-2345,Tallahassee,FL,https://blscounseling.net/services/,TRUE,2,FALSE,,FALSE,,FALSE,FALSE,FALSE,,FLAG_FOR_REMOVAL,"Crawled 2 pages - no ABA, autism, or pediatric therapy found"
WellCome OM Integral Healing & Education Center,(352) 600-4242,Spring Hill,FL,https://www.wellcomeomcenter.com/,TRUE,3,FALSE,,FALSE,,FALSE,FALSE,FALSE,,FLAG_FOR_REMOVAL,"Crawled 3 pages - no ABA, autism, or pediatric therapy found"
Silver Lining Learning Academy & ABA Therapy,(407) 243-8622,Winter Park,FL,https://sllearningacademyinc.com/,TRUE,1,FALSE,,FALSE,,FALSE,FALSE,FALSE,,FLAG_FOR_REMOVAL,"Crawled 1 pages - no ABA, autism, or pediatric therapy found"
Lifeskills Orlando,(407) 863-2191,Orlando,FL,https://lifeskillssouthflorida.com/programs/orlando-residential/,TRUE,3,FALSE,,FALSE,,FALSE,FALSE,FALSE,,FLAG_FOR_REMOVAL,"Crawled 3 pages - no ABA, autism, or pediatric therapy found"
Sunrise Community of Central Florida,(863) 644-6800,Lakeland,FL,https://sunrisegroup.org/,TRUE,4,FALSE,,FALSE,,FALSE,FALSE,FALSE,,FLAG_FOR_REMOVAL,"Crawled 4 pages - no ABA, autism, or pediatric therapy found"
"Restoring Hope Counseling, LLC.",(239) 351-5532,Cape Coral,FL,http://www.restoringhopetherapist.com/,TRUE,1,FALSE,,FALSE,,FALSE,FALSE,FALSE,,FLAG_FOR_REMOVAL,"Crawled 1 pages - no ABA, autism, or pediatric therapy found"
Pathway to Purpose Care Services,(352) 403-9570,Spring Hill,FL,http://pathwaytopurposecareservices.com/,TRUE,1,FALSE,,FALSE,,FALSE,FALSE,FALSE,,FLAG_FOR_REMOVAL,"Crawled 1 pages - no ABA, autism, or pediatric therapy found"
Avard Law Offices,(239) 945-0808,Cape Coral,FL,https://avardlaw.com/,TRUE,1,FALSE,,FALSE,,FALSE,FALSE,FALSE,,FLAG_FOR_REMOVAL,"Crawled 1 pages - no ABA, autism, or pediatric therapy found"
"ABA Alliance Therapy, Orlando - Clinic, Home, School, Community",(321) 247-5165,Orlando,FL,http://www.therapyabaalliance.com/,TRUE,10,FALSE,,FALSE,,FALSE,FALSE,FALSE,,FLAG_FOR_REMOVAL,"Crawled 10 pages - no ABA, autism, or pediatric therapy found"
Modern Minds Counseling and Art Therapy,(727) 386-9703,Dunedin,FL,http://www.modernmindscounseling.com/,TRUE,1,FALSE,,FALSE,,FALSE,FALSE,FALSE,,FLAG_FOR_REMOVAL,"Crawled 1 pages - no ABA, autism, or pediatric therapy found"
Groundwork Counseling & Cognitive Behavioral Therapy (CBT) Orlando,(407) 378-3000,Maitland,FL,http://www.groundworkcounseling.com/?utm_source=google&utm_medium=organic&utm_campaign=gmb,TRUE,3,FALSE,,FALSE,,FALSE,FALSE,FALSE,,FLAG_FOR_REMOVAL,"Crawled 3 pages - no ABA, autism, or pediatric therapy found"
Adult Education-West Area Adult School,(863) 499-2700,Lakeland,FL,http://www.westareaadult.com/,TRUE,1,FALSE,,FALSE,,FALSE,FALSE,FALSE,,FLAG_FOR_REMOVAL,"Crawled 1 pages - no ABA, autism, or pediatric therapy found"
"Educational Brains, LLC",(772) 404-2122,Port St. Lucie,FL,http://www.educationalbrains.com/,TRUE,1,FALSE,,FALSE,,FALSE,FALSE,FALSE,,FLAG_FOR_REMOVAL,"Crawled 1 pages - no ABA, autism, or pediatric therapy found"
"The Center for Codependency Recovery- Suzi Marsh Meffen Clinical Social Work/Therapist, BBA, MSW, LCSW",(678) 570-8169,Palm Bay,FL,http://suzimeffen.com/,TRUE,1,FALSE,,FALSE,,FALSE,FALSE,FALSE,,FLAG_FOR_REMOVAL,"Crawled 1 pages - no ABA, autism, or pediatric therapy found"
UF Health Psychology Specialties,(352) 265-0294,Gainesville,FL,https://ufhealth.org/locations/uf-health-psychology-specialties?utm_source=pg-google&utm_medium=organic&utm_campaign=pg-listings,TRUE,2,FALSE,,FALSE,,FALSE,FALSE,FALSE,,FLAG_FOR_REMOVAL,"Crawled 2 pages - no ABA, autism, or pediatric therapy found"
Powers of Mind Psychological Services,(850) 807-9801,Tallahassee,FL,http://www.tallahasseetherapy.com/,TRUE,10,FALSE,,FALSE,,FALSE,FALSE,FALSE,,FLAG_FOR_REMOVAL,"Crawled 10 pages - no ABA, autism, or pediatric therapy found"
Care One of Florida,(352) 683-1982,Spring Hill,FL,http://www.careoneofflorida.com/,TRUE,3,FALSE,,FALSE,,FALSE,FALSE,FALSE,,FLAG_FOR_REMOVAL,"Crawled 3 pages - no ABA, autism, or pediatric therapy found"
TAL Community Mental Health Center,(786) 648-3588,Miramar,FL,http://www.talcmhc.org/,TRUE,2,FALSE,,FALSE,,FALSE,FALSE,FALSE,,FLAG_FOR_REMOVAL,"Crawled 2 pages - no ABA, autism, or pediatric therapy found"
Peace and Healing Therapy,(352) 758-4945,Gainesville,FL,https://www.peaceandhealingtherapy.com/,TRUE,1,FALSE,,FALSE,,FALSE,FALSE,FALSE,,FLAG_FOR_REMOVAL,"Crawled 1 pages - no ABA, autism, or pediatric therapy found"
Untamed Therapy & Consulting | EMDR Certified Trauma Therapy in SWFL,(941) 876-8033,Cape Coral,FL,https://untamedtherapy.com/,TRUE,1,FALSE,,FALSE,,FALSE,FALSE,FALSE,,FLAG_FOR_REMOVAL,"Crawled 1 pages - no ABA, autism, or pediatric therapy found"
Renewed Integrative Counseling,(863) 904-1541,Lakeland,FL,http://www.renewedic.com/lakeland,TRUE,1,FALSE,,FALSE,,FALSE,FALSE,FALSE,,FLAG_FOR_REMOVAL,"Crawled 1 pages - no ABA, autism, or pediatric therapy found"
"Heather Stambaugh, LMHC LPC NCC CFMHE",(863) 271-7977,Lakeland,FL,http://www.lkldtherapyformisfits.com/,TRUE,1,FALSE,,FALSE,,FALSE,FALSE,FALSE,,FLAG_FOR_REMOVAL,"Crawled 1 pages - no ABA, autism, or pediatric therapy found"
Whitney Owens Counseling,(850) 692-9985,Tallahassee,FL,http://www.whitneyowenscounseling.com/,TRUE,2,FALSE,,FALSE,,FALSE,FALSE,FALSE,,FLAG_FOR_REMOVAL,"Crawled 2 pages - no ABA, autism, or pediatric therapy found"
Oasis Mind Lab – Coaching & Consulting for Work & Life,(727) 228-2143,Dunedin,FL,https://www.oasismindlab.com/,TRUE,3,FALSE,,FALSE,,FALSE,FALSE,FALSE,,FLAG_FOR_REMOVAL,"Crawled 3 pages - no ABA, autism, or pediatric therapy found"
The Traveling Therapist,(239) 310-5396,Fort Myers,FL,https://www.thetravelingtherapist.net/,TRUE,1,FALSE,,FALSE,,FALSE,FALSE,FALSE,,FLAG_FOR_REMOVAL,"Crawled 1 pages - no ABA, autism, or pediatric therapy found"
"The Center for Psychological Counseling Services, Inc.",(954) 894-1174,Hollywood,FL,http://cpcshollywood.com/,TRUE,4,FALSE,,FALSE,,FALSE,FALSE,FALSE,,FLAG_FOR_REMOVAL,"Crawled 4 pages - no ABA, autism, or pediatric therapy found"
"Kristin Allen, MS, LMHC",(859) 312-4195,Tallahassee,FL,https://timberlanetherapy.clientsecure.me/,TRUE,1,FALSE,,FALSE,,FALSE,FALSE,FALSE,,FLAG_FOR_REMOVAL,"Crawled 1 pages - no ABA, autism, or pediatric therapy found"
Blue Iris Behavioral Services,(321) 327-4037,Palm Bay,FL,http://www.blueirisbehavioral.com/,TRUE,10,FALSE,,FALSE,,FALSE,FALSE,FALSE,,FLAG_FOR_REMOVAL,"Crawled 10 pages - no ABA, autism, or pediatric therapy found"
Chosen Therapy services,(912) 963-7256,Orlando,FL,https://chosentherapyservices.com/,TRUE,1,FALSE,,FALSE,,FALSE,FALSE,FALSE,,FLAG_FOR_REMOVAL,"Crawled 1 pages - no ABA, autism, or pediatric therapy found"
Step-by-Step Behavioral Health Services,(888) 763-7837,Gainesville,FL,http://step-by-stepbehaviorhealth.com/,TRUE,3,FALSE,,FALSE,,FALSE,FALSE,FALSE,,FLAG_FOR_REMOVAL,"Crawled 3 pages - no ABA, autism, or pediatric therapy found"
Learn and Rise,(863) 816-4253,Lakeland,FL,https://sites.google.com/view/learn-and-rise-behaviortherapy/p%C3%A1gina-principal,TRUE,1,FALSE,,FALSE,,FALSE,FALSE,FALSE,,FLAG_FOR_REMOVAL,"Crawled 1 pages - no ABA, autism, or pediatric therapy found"
Achievement & Enrichment Center by The Arc Jacksonville,(904) 573-2805,Jacksonville,FL,http://www.arcjacksonville.org/,TRUE,4,FALSE,,FALSE,,FALSE,FALSE,FALSE,,FLAG_FOR_REMOVAL,"Crawled 4 pages - no ABA, autism, or pediatric therapy found"
The Franz Center,(321) 461-5750,Orlando,FL,https://thefranzcenter.com/?utm_campaign=gmb,TRUE,3,FALSE,,FALSE,,FALSE,FALSE,FALSE,,FLAG_FOR_REMOVAL,"Crawled 3 pages - no ABA, autism, or pediatric therapy found"
Stress And Anxiety Center,(386) 999-0333,Holly Hill,FL,http://www.stressandanxietycenter.org/,TRUE,1,FALSE,,FALSE,,FALSE,FALSE,FALSE,,FLAG_FOR_REMOVAL,"Crawled 1 pages - no ABA, autism, or pediatric therapy found"
AmeraCell Clinics,(407) 801-2269,Daytona Beach,FL,https://ameracell.com/,TRUE,1,FALSE,,FALSE,,FALSE,FALSE,FALSE,,FLAG_FOR_REMOVAL,"Crawled 1 pages - no ABA, autism, or pediatric therapy found"
employU,(407) 598-0202,Tallahassee,FL,http://www.employu.org/,TRUE,3,FALSE,,FALSE,,FALSE,FALSE,FALSE,,FLAG_FOR_REMOVAL,"Crawled 3 pages - no ABA, autism, or pediatric therapy found"
Thriveworks Counseling & Psychiatry Jacksonville,(904) 567-0813,Jacksonville,FL,https://thriveworks.com/jacksonville-therapy/?utm_source=GMBlisting&utm_medium=organic&field:8499441=GMB,TRUE,2,FALSE,,FALSE,,FALSE,FALSE,FALSE,,FLAG_FOR_REMOVAL,"Crawled 2 pages - no ABA, autism, or pediatric therapy found"
Child Therapy and Parenting Center,(954) 593-0510,Hollywood,FL,http://www.childtherapypc.com/,TRUE,2,FALSE,,FALSE,,FALSE,FALSE,FALSE,,FLAG_FOR_REMOVAL,"Crawled 2 pages - no ABA, autism, or pediatric therapy found"
All Support Servicing,(800) 610-7042,Tampa,FL,https://allsupportservicing.com/,TRUE,2,FALSE,,FALSE,,FALSE,FALSE,FALSE,,FLAG_FOR_REMOVAL,"Crawled 2 pages - no ABA, autism, or pediatric therapy found"
"Anne O. Tierney, LCSW",(850) 656-1822,Tallahassee,FL,http://annetierneylcsw.com,TRUE,3,FALSE,,FALSE,,FALSE,FALSE,FALSE,,FLAG_FOR_REMOVAL,"Crawled 3 pages - no ABA, autism, or pediatric therapy found"
Joshua's Path Disability Services of Goodman JFS,(954) 909-0829,Davie,FL,https://www.jfsbroward.org/services/joshuas-path-boost-disability-services/,TRUE,3,FALSE,,FALSE,,FALSE,FALSE,FALSE,,FLAG_FOR_REMOVAL,"Crawled 3 pages - no ABA, autism, or pediatric therapy found"
"Mobile Therapy Group, LLC",(561) 461-5343,West Palm Beach,FL,https://mobiletherapygroup.com/,TRUE,2,FALSE,,FALSE,,FALSE,FALSE,FALSE,,FLAG_FOR_REMOVAL,"Crawled 2 pages - no ABA, autism, or pediatric therapy found"
"Lifescape Integrative Therapy, LLC",(239) 478-6817,Fort Myers,FL,http://lifescapecounselingservices.com/,TRUE,1,FALSE,,FALSE,,FALSE,FALSE,FALSE,,FLAG_FOR_REMOVAL,"Crawled 1 pages - no ABA, autism, or pediatric therapy found"
Halifax Health - Child & Adolescent Behavioral Services,(386) 425-3900,Daytona Beach,FL,https://halifaxhealth.org/services/child-adolescent-behavioral-services,TRUE,3,FALSE,,FALSE,,FALSE,FALSE,FALSE,,FLAG_FOR_REMOVAL,"Crawled 3 pages - no ABA, autism, or pediatric therapy found"
"Purple Moon Service Center, LLC",(904) 233-1019,Jacksonville,FL,http://purplemoonmentalhealth.com/,TRUE,2,FALSE,,FALSE,,FALSE,FALSE,FALSE,,FLAG_FOR_REMOVAL,"Crawled 2 pages - no ABA, autism, or pediatric therapy found"
Connecting Hearts in Florida ADT,(954) 999-5989,Davie,FL,https://www.connectingheartsfl.com/,TRUE,4,FALSE,,FALSE,,FALSE,FALSE,FALSE,,FLAG_FOR_REMOVAL,"Crawled 4 pages - no ABA, autism, or pediatric therapy found"
"Inspire Wellness Counseling, LLC - Linda Spenceley, LMHC",(352) 584-6846,Spring Hill,FL,https://lindalmhc.com/,TRUE,1,FALSE,,FALSE,,FALSE,FALSE,FALSE,,FLAG_FOR_REMOVAL,"Crawled 1 pages - no ABA, autism, or pediatric therapy found"
"Starting Pointe Counseling Services, LLC",(772) 224-3235,Port St. Lucie,FL,http://www.startingpointecounseling.com/,TRUE,3,FALSE,,FALSE,,FALSE,FALSE,FALSE,,FLAG_FOR_REMOVAL,"Crawled 3 pages - no ABA, autism, or pediatric therapy found"
Better Living Solutions Recovery Center,(850) 765-6769,Tallahassee,FL,https://blscounseling.net/services/eating-disorder-treatment/,TRUE,2,FALSE,,FALSE,,FALSE,FALSE,FALSE,,FLAG_FOR_REMOVAL,"Crawled 2 pages - no ABA, autism, or pediatric therapy found"
"United Community Options of South Florida, Formerly United Cerebral Palsy",(305) 325-1080,Hialeah,FL,http://www.unitedcommunityoptionssfl.org/,TRUE,2,FALSE,,FALSE,,FALSE,FALSE,FALSE,,FLAG_FOR_REMOVAL,"Crawled 2 pages - no ABA, autism, or pediatric therapy found"
"New Hope Intervention, LLC",(850) 270-9686,Tallahassee,FL,http://www.newhopeintervention.com/,TRUE,3,FALSE,,FALSE,,FALSE,FALSE,FALSE,,FLAG_FOR_REMOVAL,"Crawled 3 pages - no ABA, autism, or pediatric therapy found"
Wildflower Speech Therapy,(352) 283-0595,Gainesville,FL,http://www.gainesvilleslp.com/,TRUE,2,FALSE,,FALSE,,FALSE,FALSE,FALSE,,FLAG_FOR_REMOVAL,"Crawled 2 pages - no ABA, autism, or pediatric therapy found"
Cape Coral Therapists,(239) 565-6921,Cape Coral,FL,http://www.capecoraltherapists.com/,TRUE,1,FALSE,,FALSE,,FALSE,FALSE,FALSE,,FLAG_FOR_REMOVAL,"Crawled 1 pages - no ABA, autism, or pediatric therapy found"
Celandine Life-Preparatory Academy,(407) 790-4903,Maitland,FL,http://www.celandinelifeprep.net/,TRUE,2,FALSE,,FALSE,,FALSE,FALSE,FALSE,,FLAG_FOR_REMOVAL,"Crawled 2 pages - no ABA, autism, or pediatric therapy found"
Springbrook Hospital,(352) 290-5735,Brooksville,FL,https://www.springbrookhospital.org/?utm_campaign=gmb,TRUE,10,FALSE,,FALSE,,FALSE,FALSE,FALSE,,FLAG_FOR_REMOVAL,"Crawled 10 pages - no ABA, autism, or pediatric therapy found"
Mailman Center for Child Development,(305) 243-6631,Miami,FL,https://umiamihealth.org/en/locations/mailman-center-for-child-development,TRUE,2,FALSE,,FALSE,,FALSE,FALSE,FALSE,,FLAG_FOR_REMOVAL,"Crawled 2 pages - no ABA, autism, or pediatric therapy found"
Guardian Haven Academy,(813) 400-2117,Tampa,FL,http://www.guardianhaven.com/,TRUE,1,FALSE,,FALSE,,FALSE,FALSE,FALSE,,FLAG_FOR_REMOVAL,"Crawled 1 pages - no ABA, autism, or pediatric therapy found"
UF Health Center for Autism and Related Disabilities - Dupont Station,(904) 633-0760,Jacksonville,FL,https://ufhealthjax.org/locations/uf-health-center-for-autism-and-related-disabilities-dupont-station,TRUE,2,FALSE,,FALSE,,FALSE,FALSE,FALSE,,FLAG_FOR_REMOVAL,"Crawled 2 pages - no ABA, autism, or pediatric therapy found"
Space Coast Mobility,(321) 372-1355,Palm Bay,FL,https://spacecoastmobility.com/,TRUE,3,FALSE,,FALSE,,FALSE,FALSE,FALSE,,FLAG_FOR_REMOVAL,"Crawled 3 pages - no ABA, autism, or pediatric therapy found"
"Behavioral Health Associates of Broward, Counseling Centers of Goodman JFS",(954) 909-0888,Davie,FL,https://www.bhabroward.org/,TRUE,10,FALSE,,FALSE,,FALSE,FALSE,FALSE,,FLAG_FOR_REMOVAL,"Crawled 10 pages - no ABA, autism, or pediatric therapy found"
ACTS Therapeutic Group Home,(813) 515-4150,Tampa,FL,https://www.actsfl.org/,TRUE,4,FALSE,,FALSE,,FALSE,FALSE,FALSE,,FLAG_FOR_REMOVAL,"Crawled 4 pages - no ABA, autism, or pediatric therapy found"
Center For Independent Living,(407) 623-1070,Winter Park,FL,https://www.cilorlando.org/,TRUE,4,FALSE,,FALSE,,FALSE,FALSE,FALSE,,FLAG_FOR_REMOVAL,"Crawled 4 pages - no ABA, autism, or pediatric therapy found"
Diamond Behavioral Health - Tallahassee,(850) 761-0224,Tallahassee,FL,https://diamondbehavioralhealth.com/locations/tallahassee/?utm_source=GMBlisting&utm_medium=organic,TRUE,4,FALSE,,FALSE,,FALSE,FALSE,FALSE,,FLAG_FOR_REMOVAL,"Crawled 4 pages - no ABA, autism, or pediatric therapy found"
Sofive Soccer Centers Winter Park (XL Soccer World),(407) 641-4791,Orlando,FL,https://www.sofive.com/locations/winter-park,TRUE,4,FALSE,,FALSE,,FALSE,FALSE,FALSE,,FLAG_FOR_REMOVAL,"Crawled 4 pages - no ABA, autism, or pediatric therapy found"
Serenity Space Therapy,(954) 904-0100,Fort Lauderdale,FL,https://www.serenityspacetherapy.net/,TRUE,2,FALSE,,FALSE,,FALSE,FALSE,FALSE,,FLAG_FOR_REMOVAL,"Crawled 2 pages - no ABA, autism, or pediatric therapy found"
Arise Wellness GNV,(352) 513-8551,Gainesville,FL,http://arisegnv.com/,TRUE,2,FALSE,,FALSE,,FALSE,FALSE,FALSE,,FLAG_FOR_REMOVAL,"Crawled 2 pages - no ABA, autism, or pediatric therapy found"
Time For Change Counseling,(352) 371-1979,Gainesville,FL,http://www.atimeforchange.org/,TRUE,1,FALSE,,FALSE,,FALSE,FALSE,FALSE,,FLAG_FOR_REMOVAL,"Crawled 1 pages - no ABA, autism, or pediatric therapy found"
UF Health Rehab Center for Kids - Magnolia Parke,(352) 265-5204,Gainesville,FL,https://ufhealth.org/locations/uf-health-rehab-center-for-kids-magnolia-parke?utm_source=pg-google&utm_medium=organic&utm_campaign=pg-listings,TRUE,2,FALSE,,FALSE,,FALSE,FALSE,FALSE,,FLAG_FOR_REMOVAL,"Crawled 2 pages - no ABA, autism, or pediatric therapy found"
Accelerated Resolution Therapy,(407) 298-6786,Orlando,FL,https://acceleratedresolutiontherapy.com/,TRUE,2,FALSE,,FALSE,,FALSE,FALSE,FALSE,,FLAG_FOR_REMOVAL,"Crawled 2 pages - no ABA, autism, or pediatric therapy found"
"Re-Written Counseling Services, LLC",(772) 812-3460,Port St. Lucie,FL,http://www.re-writtencounseling.com/,TRUE,4,FALSE,,FALSE,,FALSE,FALSE,FALSE,,FLAG_FOR_REMOVAL,"Crawled 4 pages - no ABA, autism, or pediatric therapy found"
Alliance For Independence,(863) 665-3846,Lakeland,FL,http://afi-fl.org/,TRUE,1,FALSE,,FALSE,,FALSE,FALSE,FALSE,,FLAG_FOR_REMOVAL,"Crawled 1 pages - no ABA, autism, or pediatric therapy found"
Sage Wellness - 8th Ave,(352) 474-8882,Gainesville,FL,http://gainesvillesage.com/,TRUE,3,FALSE,,FALSE,,FALSE,FALSE,FALSE,,FLAG_FOR_REMOVAL,"Crawled 3 pages - no ABA, autism, or pediatric therapy found"
D&D ABA Therapy Port St Lucie,(772) 489-1316,Port St. Lucie,FL,https://linktr.ee/ddbehaviorpsl?utm_source=linktree_profile_share&ltsid=5aeb0d64-2ed1-4ebc-b4f7-1f52ae709e33,TRUE,6,FALSE,,FALSE,,FALSE,FALSE,FALSE,,FLAG_FOR_REMOVAL,"Crawled 6 pages - no ABA, autism, or pediatric therapy found"
"A Helping Hand, Inc",(386) 868-1992,Daytona Beach,FL,https://www.helpinghandinc.org/,TRUE,3,FALSE,,FALSE,,FALSE,FALSE,FALSE,,FLAG_FOR_REMOVAL,"Crawled 3 pages - no ABA, autism, or pediatric therapy found"
Resilience Behavioral Health LLC,(407) 459-0474,Winter Park,FL,https://www.resiliencebh.com/,TRUE,1,FALSE,,FALSE,,FALSE,FALSE,FALSE,,FLAG_FOR_REMOVAL,"Crawled 1 pages - no ABA, autism, or pediatric therapy found"
Vibewell Therapy – EMDR for Trauma & Gottman Couples Therapist,(786) 361-8227,North Miami Beach,FL,https://www.vibewelltherapy.com/,TRUE,1,FALSE,,FALSE,,FALSE,FALSE,FALSE,,FLAG_FOR_REMOVAL,"Crawled 1 pages - no ABA, autism, or pediatric therapy found"
PediPec PPEC,(954) 587-1210,Lauderhill,FL,https://www.pedistat.com/pedipec,TRUE,4,FALSE,,FALSE,,FALSE,FALSE,FALSE,,FLAG_FOR_REMOVAL,"Crawled 4 pages - no ABA, autism, or pediatric therapy found"
Disability Rights Florida,(800) 342-0823,Tallahassee,FL,http://www.disabilityrightsflorida.org/,TRUE,1,FALSE,,FALSE,,FALSE,FALSE,FALSE,,FLAG_FOR_REMOVAL,"Crawled 1 pages - no ABA, autism, or pediatric therapy found"
Employee & Family Assistance Consultants,(321) 723-8823,Palm Bay,FL,http://www.employeeandfamilyassistance.com/,TRUE,1,FALSE,,FALSE,,FALSE,FALSE,FALSE,,FLAG_FOR_REMOVAL,"Crawled 1 pages - no ABA, autism, or pediatric therapy found"
The Arc of Florida,(850) 921-0460,Tallahassee,FL,http://arcflorida.org/,TRUE,2,FALSE,,FALSE,,FALSE,FALSE,FALSE,,FLAG_FOR_REMOVAL,"Crawled 2 pages - no ABA, autism, or pediatric therapy found"
Self Love Harbor,(786) 475-1119,North Miami Beach,FL,https://selfloveharbor.com/,TRUE,3,FALSE,,FALSE,,FALSE,FALSE,FALSE,,FLAG_FOR_REMOVAL,"Crawled 3 pages - no ABA, autism, or pediatric therapy found"
Victory Living Programs,(954) 616-1074,Fort Lauderdale,FL,http://www.victoryliving.org/,TRUE,1,FALSE,,FALSE,,FALSE,FALSE,FALSE,,FLAG_FOR_REMOVAL,"Crawled 1 pages - no ABA, autism, or pediatric therapy found"
Anew Life Counseling and Consulting Group,(850) 508-4624,Tallahassee,FL,http://anewlifeccgroup.com/,TRUE,3,FALSE,,FALSE,,FALSE,FALSE,FALSE,,FLAG_FOR_REMOVAL,"Crawled 3 pages - no ABA, autism, or pediatric therapy found"
Grow Together Family Therapy,(813) 433-0891,Tampa,FL,https://growtogetherfamilytherapy.com/,TRUE,3,FALSE,,FALSE,,FALSE,FALSE,FALSE,,FLAG_FOR_REMOVAL,"Crawled 3 pages - no ABA, autism, or pediatric therapy found"
CECO,(407) 671-4687,Winter Park,FL,http://www.ceco.org/,TRUE,1,FALSE,,FALSE,,FALSE,FALSE,FALSE,,FLAG_FOR_REMOVAL,"Crawled 1 pages - no ABA, autism, or pediatric therapy found"
Renaissance Somatic Counseling,(850) 270-3370,Tallahassee,FL,http://www.rensocounseling.com/,TRUE,3,FALSE,,FALSE,,FALSE,FALSE,FALSE,,FLAG_FOR_REMOVAL,"Crawled 3 pages - no ABA, autism, or pediatric therapy found"
A Beautiful Mind Counseling and Consulting,(772) 722-1513,Port St. Lucie,FL,http://www.abeautifulmindcounseling.com/,TRUE,1,FALSE,,FALSE,,FALSE,FALSE,FALSE,,FLAG_FOR_REMOVAL,"Crawled 1 pages - no ABA, autism, or pediatric therapy found"
"All in Mental Health, LLC",(321) 914-0113,Palm Bay,FL,http://allinmentalhealth.com/,TRUE,4,FALSE,,FALSE,,FALSE,FALSE,FALSE,,FLAG_FOR_REMOVAL,"Crawled 4 pages - no ABA, autism, or pediatric therapy found"
New Directions Counseling Center LLC,(863) 606-5922,Lakeland,FL,http://www.ndcclakeland.com/,TRUE,3,FALSE,,FALSE,,FALSE,FALSE,FALSE,,FLAG_FOR_REMOVAL,"Crawled 3 pages - no ABA, autism, or pediatric therapy found"
The LaPorta Center,(727) 836-0943,Spring Hill,FL,http://thelaportacenter.net/,TRUE,1,FALSE,,FALSE,,FALSE,FALSE,FALSE,,FLAG_FOR_REMOVAL,"Crawled 1 pages - no ABA, autism, or pediatric therapy found"
Growing Smiles ABA Services Inc,(954) 374-9572,Hollywood,FL,https://sites.google.com/growingsmilesaba.com/growingsmilesaba,TRUE,1,FALSE,,FALSE,,FALSE,FALSE,FALSE,,FLAG_FOR_REMOVAL,"Crawled 1 pages - no ABA, autism, or pediatric therapy found"
McGuire Counseling and Psychotherapy,(904) 575-7209,Jacksonville,FL,http://www.mcguirerecovery.com/,TRUE,3,FALSE,,FALSE,,FALSE,FALSE,FALSE,,FLAG_FOR_REMOVAL,"Crawled 3 pages - no ABA, autism, or pediatric therapy found"
"Creative Occupational Therapy Services, LLC",(305) 776-6577,Boca Raton,FL,http://www.creativeotservices.com/,TRUE,10,FALSE,,FALSE,,FALSE,FALSE,FALSE,,FLAG_FOR_REMOVAL,"Crawled 10 pages - no ABA, autism, or pediatric therapy found"
Developmental Center for Infants & Children / Early Steps,(407) 317-7430,Orlando,FL,http://www.orlandohealth.com/arnoldpalmerhospital/HowardPhillipsCenter/DevelopmentalInformation.aspx?pid=2659,TRUE,2,FALSE,,FALSE,,FALSE,FALSE,FALSE,,FLAG_FOR_REMOVAL,"Crawled 2 pages - no ABA, autism, or pediatric therapy found"
"The Therapy Labs by Rosa Barroso, LMHC",(305) 530-8119,Miami Lakes,FL,https://thetherapylabs.com/,TRUE,1,FALSE,,FALSE,,FALSE,FALSE,FALSE,,FLAG_FOR_REMOVAL,"Crawled 1 pages - no ABA, autism, or pediatric therapy found"
Trauma and Counseling Solutions,(813) 328-6034,Spring Hill,FL,http://www.traumaandcounselingsolutions.com/,TRUE,2,FALSE,,FALSE,,FALSE,FALSE,FALSE,,FLAG_FOR_REMOVAL,"Crawled 2 pages - no ABA, autism, or pediatric therapy found"
"The Nook Inclusive Therapeutic Center, LLC",(352) 235-9006,Gainesville,FL,https://thenookcenter.com/,TRUE,2,FALSE,,FALSE,,FALSE,FALSE,FALSE,,FLAG_FOR_REMOVAL,"Crawled 2 pages - no ABA, autism, or pediatric therapy found"
The Garden Counseling,(863) 606-8668,Lakeland,FL,https://thegardencounseling.info/,TRUE,1,FALSE,,FALSE,,FALSE,FALSE,FALSE,,FLAG_FOR_REMOVAL,"Crawled 1 pages - no ABA, autism, or pediatric therapy found"
Apalachee Center,(850) 523-3333,Tallahassee,FL,https://apalacheecenter.org/,TRUE,5,FALSE,,FALSE,,FALSE,FALSE,FALSE,,FLAG_FOR_REMOVAL,"Crawled 5 pages - no ABA, autism, or pediatric therapy found"
Life Skills Development LLC,(561) 247-0719,West Palm Beach,FL,http://www.lifeskillsdevelopmentsuccess.com/,TRUE,4,FALSE,,FALSE,,FALSE,FALSE,FALSE,,FLAG_FOR_REMOVAL,"Crawled 4 pages - no ABA, autism, or pediatric therapy found"
Vocational Rehabilitation,(904) 348-2770,Jacksonville,FL,https://rehabworks.org/,TRUE,1,FALSE,,FALSE,,FALSE,FALSE,FALSE,,FLAG_FOR_REMOVAL,"Crawled 1 pages - no ABA, autism, or pediatric therapy found"
"Canopy Counseling & Consulting, LLC",(850) 443-3048,Tallahassee,FL,https://www.canopy-counseling.com/,TRUE,2,FALSE,,FALSE,,FALSE,FALSE,FALSE,,FLAG_FOR_REMOVAL,"Crawled 2 pages - no ABA, autism, or pediatric therapy found"
Let's Talk About It Holistic Healing,(904) 413-1116,Jacksonville,FL,http://letstalkhh.my.canva.site/,TRUE,1,FALSE,,FALSE,,FALSE,FALSE,FALSE,,FLAG_FOR_REMOVAL,"Crawled 1 pages - no ABA, autism, or pediatric therapy found"
"Self-Compassion Pathways, Inc.",(445) 545-1716,Orlando,FL,https://therapyorlandofl.com/,TRUE,4,FALSE,,FALSE,,FALSE,FALSE,FALSE,,FLAG_FOR_REMOVAL,"Crawled 4 pages - no ABA, autism, or pediatric therapy found"
"Ann Storck Center, Inc",(954) 584-8000,Fort Lauderdale,FL,http://annstorckcenter.org/,TRUE,2,FALSE,,FALSE,,FALSE,FALSE,FALSE,,FLAG_FOR_REMOVAL,"Crawled 2 pages - no ABA, autism, or pediatric therapy found"
"Rayanne Woodruff, SLP",(863) 688-5232,Lakeland,FL,https://www.risimaging.com/,TRUE,3,FALSE,,FALSE,,FALSE,FALSE,FALSE,,FLAG_FOR_REMOVAL,"Crawled 3 pages - no ABA, autism, or pediatric therapy found"
Applied Behavioral Learning Experiences - Autism - ABA Therapy,(727) 400-4073,Clearwater,FL,http://www.applied-behavioral.com/,TRUE,10,FALSE,,FALSE,,FALSE,FALSE,FALSE,,FLAG_FOR_REMOVAL,"Crawled 10 pages - no ABA, autism, or pediatric therapy found"
Jacksonville Program for Adults with Intellectual and Developmental Disabilities (PAIDD),(904) 383-1003,Jacksonville,FL,https://ufhealthjax.org/locations/jacksonville-program-for-adults-with-intellectual-and-developmental-disabilities-paidd,TRUE,2,FALSE,,FALSE,,FALSE,FALSE,FALSE,,FLAG_FOR_REMOVAL,"Crawled 2 pages - no ABA, autism, or pediatric therapy found"
Jacksonville Speech & Hearing Center,(904) 355-3403,Jacksonville,FL,http://www.shcjax.org/,TRUE,1,FALSE,,FALSE,,FALSE,FALSE,FALSE,,FLAG_FOR_REMOVAL,"Crawled 1 pages - no ABA, autism, or pediatric therapy found"
"LifeWorks Wellness Center, Integrative Medicine and Holistic Medicine Clinic",(727) 604-9715,Clearwater,FL,https://www.lifeworkswellnesscenter.com/?utm_campaign=gmb,TRUE,1,FALSE,,FALSE,,FALSE,FALSE,FALSE,,FLAG_FOR_REMOVAL,"Crawled 1 pages - no ABA, autism, or pediatric therapy found"
CDS Family & Behavioral Health Services Inc,(352) 244-0628,Gainesville,FL,http://www.cdsfl.org/,TRUE,2,FALSE,,FALSE,,FALSE,FALSE,FALSE,,FLAG_FOR_REMOVAL,"Crawled 2 pages - no ABA, autism, or pediatric therapy found"
Area Stage,(305) 666-2078,South Miami,FL,https://www.areastage.org/,TRUE,2,FALSE,,FALSE,,FALSE,FALSE,FALSE,,FLAG_FOR_REMOVAL,"Crawled 2 pages - no ABA, autism, or pediatric therapy found"
Bright Behavioral Health - Children's ABA Therapy,(786) 478-6937,Jacksonville,FL,https://brightbehaviorhealth.myclickfunnels.com/offer--a610f,TRUE,10,FALSE,,FALSE,,FALSE,FALSE,FALSE,,FLAG_FOR_REMOVAL,"Crawled 10 pages - no ABA, autism, or pediatric therapy found"
MD Now Urgent Care - North Cape Coral,(239) 458-6755,Cape Coral,FL,https://www.mymdnow.com/locations/sarasota/north-cape-coral?utm_campaign=corp_listings_mgmt&utm_source=google&utm_medium=business_listing,TRUE,3,FALSE,,FALSE,,FALSE,FALSE,FALSE,,FLAG_FOR_REMOVAL,"Crawled 3 pages - no ABA, autism, or pediatric therapy found"
Broward House Behavioral Health Center,(954) 568-7373,Fort Lauderdale,FL,http://www.browardhouse.org/,TRUE,3,FALSE,,FALSE,,FALSE,FALSE,FALSE,,FLAG_FOR_REMOVAL,"Crawled 3 pages - no ABA, autism, or pediatric therapy found"
Coastal Mental Health Center,(800) 614-4124,Daytona Beach,FL,http://www.coastalmhc.com/,TRUE,2,FALSE,,FALSE,,FALSE,FALSE,FALSE,,FLAG_FOR_REMOVAL,"Crawled 2 pages - no ABA, autism, or pediatric therapy found"
Down Syndrome Association of Central Florida,(407) 478-5621,Winter Park,FL,http://www.dsacf.org/,TRUE,5,FALSE,,FALSE,,FALSE,FALSE,FALSE,,FLAG_FOR_REMOVAL,"Crawled 5 pages - no ABA, autism, or pediatric therapy found"
OceanVista Counseling Associates,(386) 449-8600,Ormond Beach,FL,https://oceanvistacounsel.com/?utm_source=google&utm_medium=wix_google_business_profile&utm_campaign=12162111783729789385,TRUE,3,FALSE,,FALSE,,FALSE,FALSE,FALSE,,FLAG_FOR_REMOVAL,"Crawled 3 pages - no ABA, autism, or pediatric therapy found"
"A Time To Change Counseling Center, P.A.",(850) 926-1900,Tallahassee,FL,https://www.atimetochangecounselingcenter.com/,TRUE,2,FALSE,,FALSE,,FALSE,FALSE,FALSE,,FLAG_FOR_REMOVAL,"Crawled 2 pages - no ABA, autism, or pediatric therapy found"
Insight Psychiatry & Counseling,(904) 274-1423,Jacksonville,FL,https://www.insightpsychiatrycounseling.com/,TRUE,2,FALSE,,FALSE,,FALSE,FALSE,FALSE,,FLAG_FOR_REMOVAL,"Crawled 2 pages - no ABA, autism, or pediatric therapy found"
Better Care Counseling,(727) 491-3999,Clearwater,FL,http://bettercarecounseling.com/,TRUE,3,FALSE,,FALSE,,FALSE,FALSE,FALSE,,FLAG_FOR_REMOVAL,"Crawled 3 pages - no ABA, autism, or pediatric therapy found"
"Child Advocacy Center, Inc.",(352) 376-9161,Gainesville,FL,https://www.childadvocacycentergainesville.org/,TRUE,3,FALSE,,FALSE,,FALSE,FALSE,FALSE,,FLAG_FOR_REMOVAL,"Crawled 3 pages - no ABA, autism, or pediatric therapy found"
Grove Therapy | Carolyn Wheeler-Garcia Licensed Psychotherapist,(305) 904-8813,Miami,FL,https://coconutgrovetherapy.com/,TRUE,4,FALSE,,FALSE,,FALSE,FALSE,FALSE,,FLAG_FOR_REMOVAL,"Crawled 4 pages - no ABA, autism, or pediatric therapy found"
Serene Mind Counseling + Evaluations,(813) 321-8280,Tampa,FL,http://www.serenemindpsych.com/,TRUE,2,FALSE,,FALSE,,FALSE,FALSE,FALSE,,FLAG_FOR_REMOVAL,"Crawled 2 pages - no ABA, autism, or pediatric therapy found"
Fashionable Canes,(813) 572-2637,Largo,FL,http://www.fashionablecanes.com/,TRUE,2,FALSE,,FALSE,,FALSE,FALSE,FALSE,,FLAG_FOR_REMOVAL,"Crawled 2 pages - no ABA, autism, or pediatric therapy found"
"Every Girl Living- Counseling, Coaching, Wellness Consulting, Yoga",(904) 206-8640,Jacksonville,FL,http://www.everygirl-living.com/,TRUE,2,FALSE,,FALSE,,FALSE,FALSE,FALSE,,FLAG_FOR_REMOVAL,"Crawled 2 pages - no ABA, autism, or pediatric therapy found"
New Beginning Therapy Center,(786) 536-4399,Hialeah,FL,https://www.activemember.com/newbeginningtherapycenter/,TRUE,1,FALSE,,FALSE,,FALSE,FALSE,FALSE,,FLAG_FOR_REMOVAL,"Crawled 1 pages - no ABA, autism, or pediatric therapy found"
Linda Ray Intervention Center,(305) 243-0066,Miami,FL,https://www.lindaraycenter.miami.edu/,TRUE,2,FALSE,,FALSE,,FALSE,FALSE,FALSE,,FLAG_FOR_REMOVAL,"Crawled 2 pages - no ABA, autism, or pediatric therapy found"
"Perspectives Anew Therapy, LLC",(904) 414-3359,Jacksonville,FL,http://www.perspectivesanewtherapy.com/,TRUE,3,FALSE,,FALSE,,FALSE,FALSE,FALSE,,FLAG_FOR_REMOVAL,"Crawled 3 pages - no ABA, autism, or pediatric therapy found"
Compass Health Systems,(305) 891-0050,Pembroke Pines,FL,http://www.compasshealthsystems.com/,TRUE,3,FALSE,,FALSE,,FALSE,FALSE,FALSE,,FLAG_FOR_REMOVAL,"Crawled 3 pages - no ABA, autism, or pediatric therapy found"
Little Puzzles Behavioral Center,(786) 909-8017,Pembroke Pines,FL,https://littlepuzzlesbc.my.canva.site/,TRUE,1,FALSE,,FALSE,,FALSE,FALSE,FALSE,,FLAG_FOR_REMOVAL,"Crawled 1 pages - no ABA, autism, or pediatric therapy found"
Aba Star Therapy,(305) 921-4245,MIRAMAR,FL,https://abastartherapy.com/,TRUE,5,FALSE,,FALSE,,FALSE,FALSE,FALSE,,FLAG_FOR_REMOVAL,"Crawled 5 pages - no ABA, autism, or pediatric therapy found"
"Figure of Speech, LLC",(850) 629-9105,Tallahassee,FL,http://figuresofspeechtherapy.com/,TRUE,1,FALSE,,FALSE,,FALSE,FALSE,FALSE,,FLAG_FOR_REMOVAL,"Crawled 1 pages - no ABA, autism, or pediatric therapy found"
Embridge Counseling Services,(386) 747-6541,Daytona Beach,FL,http://www.embridgecounselingservices.com/,TRUE,4,FALSE,,FALSE,,FALSE,FALSE,FALSE,,FLAG_FOR_REMOVAL,"Crawled 4 pages - no ABA, autism, or pediatric therapy found"
NAMI Palm Beach County,(561) 588-3477,West Palm Beach,FL,http://namipbc.org/,TRUE,3,FALSE,,FALSE,,FALSE,FALSE,FALSE,,FLAG_FOR_REMOVAL,"Crawled 3 pages - no ABA, autism, or pediatric therapy found"
Full Potential Counseling,(904) 204-9308,Jacksonville,FL,http://www.fullpotentialcounseling.com/,TRUE,3,FALSE,,FALSE,,FALSE,FALSE,FALSE,,FLAG_FOR_REMOVAL,"Crawled 3 pages - no ABA, autism, or pediatric therapy found"
"Change of Mind, LLC",(772) 284-6030,Port St. Lucie,FL,http://www.mychangeofmind.com/,TRUE,1,FALSE,,FALSE,,FALSE,FALSE,FALSE,,FLAG_FOR_REMOVAL,"Crawled 1 pages - no ABA, autism, or pediatric therapy found"
Kids L.A.B. Therapy,(786) 509-9669,South Miami,FL,https://www.kidslabtherapy.com/,TRUE,1,FALSE,,FALSE,,FALSE,FALSE,FALSE,,FLAG_FOR_REMOVAL,"Crawled 1 pages - no ABA, autism, or pediatric therapy found"
Acceptance,(321) 972-4684,Orlando,FL,http://www.acceptfl.com/group-home-contact-us,TRUE,1,FALSE,,FALSE,,FALSE,FALSE,FALSE,,FLAG_FOR_REMOVAL,"Crawled 1 pages - no ABA, autism, or pediatric therapy found"
Children’s Advocacy Center of Southwest Florida,(239) 939-2808,Fort Myers,FL,http://www.cac-swfl.org/,TRUE,5,FALSE,,FALSE,,FALSE,FALSE,FALSE,,FLAG_FOR_REMOVAL,"Crawled 5 pages - no ABA, autism, or pediatric therapy found"
Psych Pro Centers,(561) 844-4452,West Palm Beach,FL,https://psychprocenters.com/,TRUE,1,FALSE,,FALSE,,FALSE,FALSE,FALSE,,FLAG_FOR_REMOVAL,"Crawled 1 pages - no ABA, autism, or pediatric therapy found"
Adaptive Center,(305) 400-9908,Miami,FL,https://adaptivecenter.net/,TRUE,4,FALSE,,FALSE,,FALSE,FALSE,FALSE,,FLAG_FOR_REMOVAL,"Crawled 4 pages - no ABA, autism, or pediatric therapy found"
The Arc Jacksonville,(904) 355-0155,Jacksonville,FL,http://www.arcjacksonville.org/,TRUE,4,FALSE,,FALSE,,FALSE,FALSE,FALSE,,FLAG_FOR_REMOVAL,"Crawled 4 pages - no ABA, autism, or pediatric therapy found"
Health and Healing Mental Health Center,(772) 323-0762,Port St. Lucie,FL,https://healthandhealingmhc.com/,TRUE,1,FALSE,,FALSE,,FALSE,FALSE,FALSE,,FLAG_FOR_REMOVAL,"Crawled 1 pages - no ABA, autism, or pediatric therapy found"
JC Adult Academy,(813) 278-0367,Tampa,FL,https://downsyndromedaycentertampa.com/,TRUE,3,FALSE,,FALSE,,FALSE,FALSE,FALSE,,FLAG_FOR_REMOVAL,"Crawled 3 pages - no ABA, autism, or pediatric therapy found"
Consumer Notice,(844) 420-1914,Orlando,FL,https://www.consumernotice.org/,TRUE,2,FALSE,,FALSE,,FALSE,FALSE,FALSE,,FLAG_FOR_REMOVAL,"Crawled 2 pages - no ABA, autism, or pediatric therapy found"
"Ronald McDonald House Charities of Southwest Florida, Inc.",(239) 437-0202,Fort Myers,FL,https://www.rmhcswfl.org/,TRUE,2,FALSE,,FALSE,,FALSE,FALSE,FALSE,,FLAG_FOR_REMOVAL,"Crawled 2 pages - no ABA, autism, or pediatric therapy found"
Ability Plus Mental Health Clinic,(850) 966-2145,Tallahassee,FL,https://abilityplusmentalhealthllc.com/,TRUE,4,FALSE,,FALSE,,FALSE,FALSE,FALSE,,FLAG_FOR_REMOVAL,"Crawled 4 pages - no ABA, autism, or pediatric therapy found"
SOUTH FLORIDA COUNSELING AND ASSESSMENT - Fort Lauderdale,(954) 332-2323,Fort Lauderdale,FL,http://www.counselingsoflo.com/,TRUE,2,FALSE,,FALSE,,FALSE,FALSE,FALSE,,FLAG_FOR_REMOVAL,"Crawled 2 pages - no ABA, autism, or pediatric therapy found"
Stoa Life Counseling,(863) 450-6333,Lakeland,FL,https://stoalife.com/,TRUE,2,FALSE,,FALSE,,FALSE,FALSE,FALSE,,FLAG_FOR_REMOVAL,"Crawled 2 pages - no ABA, autism, or pediatric therapy found"
Seeds of Hope Behavioral Health,(786) 245-4463,Coral Gables,FL,http://seedsofhopebh.com/,TRUE,1,FALSE,,FALSE,,FALSE,FALSE,FALSE,,FLAG_FOR_REMOVAL,"Crawled 1 pages - no ABA, autism, or pediatric therapy found"
Novaluna Mental Health,(561) 303-0811,West Palm Beach,FL,https://www.novalunamentalhealth.com/,TRUE,2,FALSE,,FALSE,,FALSE,FALSE,FALSE,,FLAG_FOR_REMOVAL,"Crawled 2 pages - no ABA, autism, or pediatric therapy found"
Autism Mind,(954) 394-7011,Davie,FL,http://www.autismmind.com/,TRUE,10,FALSE,,FALSE,,FALSE,FALSE,FALSE,,FLAG_FOR_REMOVAL,"Crawled 10 pages - no ABA, autism, or pediatric therapy found"
Southeastern Therapy Services - Speech Therapy,(850) 727-7928,Tallahassee,FL,http://www.webslp.com/,TRUE,3,FALSE,,FALSE,,FALSE,FALSE,FALSE,,FLAG_FOR_REMOVAL,"Crawled 3 pages - no ABA, autism, or pediatric therapy found"
"What's On Your Mind, Inc. / Psychology, Tutoring & Brain Training",(800) 613-6463,Miami Lakes,FL,http://www.woym.net/,TRUE,3,FALSE,,FALSE,,FALSE,FALSE,FALSE,,FLAG_FOR_REMOVAL,"Crawled 3 pages - no ABA, autism, or pediatric therapy found"
Believe Hope Inspire Wellness Services LLC,(850) 450-7223,Tallahassee,FL,https://believehopeinspire.com/,TRUE,4,FALSE,,FALSE,,FALSE,FALSE,FALSE,,FLAG_FOR_REMOVAL,"Crawled 4 pages - no ABA, autism, or pediatric therapy found"
Thrive Therapy,(239) 963-4367,Fort Myers,FL,https://www.thrive-therapy.org/locations/fort-myers-fl/,TRUE,5,FALSE,,FALSE,,FALSE,FALSE,FALSE,,FLAG_FOR_REMOVAL,"Crawled 5 pages - no ABA, autism, or pediatric therapy found"
National Alliance For Eating Disorders,(561) 841-0900,West Palm Beach,FL,http://www.allianceforeatingdisorders.com/,TRUE,2,FALSE,,FALSE,,FALSE,FALSE,FALSE,,FLAG_FOR_REMOVAL,"Crawled 2 pages - no ABA, autism, or pediatric therapy found"
Disability Experts of Florida,(855) 777-0455,Spring Hill,FL,http://www.disabilityexpertsfl.com/,TRUE,2,FALSE,,FALSE,,FALSE,FALSE,FALSE,,FLAG_FOR_REMOVAL,"Crawled 2 pages - no ABA, autism, or pediatric therapy found"
Alternative Speech and Swallowing Solutions,(407) 986-1099,Daytona Beach,FL,http://www.alternativespeech.com/contact-us-swallowing-exercises/,TRUE,2,FALSE,,FALSE,,FALSE,FALSE,FALSE,,FLAG_FOR_REMOVAL,"Crawled 2 pages - no ABA, autism, or pediatric therapy found"
Early Steps,(850) 921-0772,Tallahassee,FL,http://www.floridahealth.gov/programs-and-services/childrens-health/early-steps/index.html,TRUE,2,FALSE,,FALSE,,FALSE,FALSE,FALSE,,FLAG_FOR_REMOVAL,"Crawled 2 pages - no ABA, autism, or pediatric therapy found"
"Looking Forward Counseling, LLC",(386) 310-4043,Port Orange,FL,https://lookingforwardcounseling.clientsecure.me/,TRUE,1,FALSE,,FALSE,,FALSE,FALSE,FALSE,,FLAG_FOR_REMOVAL,"Crawled 1 pages - no ABA, autism, or pediatric therapy found"
Walk with Hope,(863) 777-9184,Lakeland,FL,https://walkwithhope.net/,TRUE,2,FALSE,,FALSE,,FALSE,FALSE,FALSE,,FLAG_FOR_REMOVAL,"Crawled 2 pages - no ABA, autism, or pediatric therapy found"
New beginning behavior therapy center,(786) 385-5347,Hialeah,FL,http://newbehaviourtherapy.com/,TRUE,10,FALSE,,FALSE,,FALSE,FALSE,FALSE,,FLAG_FOR_REMOVAL,"Crawled 10 pages - no ABA, autism, or pediatric therapy found"
Damron Counseling,(850) 290-2211,Tallahassee,FL,https://www.damroncounseling.com/?utm_source=google&utm_medium=wix_google_business_profile&utm_campaign=2555425203947103637,TRUE,3,FALSE,,FALSE,,FALSE,FALSE,FALSE,,FLAG_FOR_REMOVAL,"Crawled 3 pages - no ABA, autism, or pediatric therapy found"
Maven in Behavior,(305) 586-2953,South Miami,FL,https://maveninbehavior.com/,TRUE,10,FALSE,,FALSE,,FALSE,FALSE,FALSE,,FLAG_FOR_REMOVAL,"Crawled 10 pages - no ABA, autism, or pediatric therapy found"
ABC Mental Health & Relationship Counseling,(863) 397-3240,Lakeland,FL,http://www.abcmentalhealthcounseling.com/,TRUE,3,FALSE,,FALSE,,FALSE,FALSE,FALSE,,FLAG_FOR_REMOVAL,"Crawled 3 pages - no ABA, autism, or pediatric therapy found"
Success 4 Kids & Families,(813) 490-5490,Tampa,FL,https://www.s4kf.org/,TRUE,2,FALSE,,FALSE,,FALSE,FALSE,FALSE,,FLAG_FOR_REMOVAL,"Crawled 2 pages - no ABA, autism, or pediatric therapy found"
Miami Speech Institute LLC,(786) 460-1595,Coral Gables,FL,http://www.miamispeechinstitute.com/,TRUE,10,FALSE,,FALSE,,FALSE,FALSE,FALSE,,FLAG_FOR_REMOVAL,"Crawled 10 pages - no ABA, autism, or pediatric therapy found"
"Experience Matters Counseling, LLC",(561) 888-9500,Port St. Lucie,FL,https://www.experiencematterscounseling.com/,TRUE,1,FALSE,,FALSE,,FALSE,FALSE,FALSE,,FLAG_FOR_REMOVAL,"Crawled 1 pages - no ABA, autism, or pediatric therapy found"
"FAAST, Inc",(850) 487-3278,Tallahassee,FL,http://www.faast.org/,TRUE,2,FALSE,,FALSE,,FALSE,FALSE,FALSE,,FLAG_FOR_REMOVAL,"Crawled 2 pages - no ABA, autism, or pediatric therapy found"
Onyx Behavioral Health,(888) 242-5716,Port St. Lucie,FL,https://onyxbh.com/?utm_source=google&utm_medium=organic&utm_campaign=gmb,TRUE,4,FALSE,,FALSE,,FALSE,FALSE,FALSE,,FLAG_FOR_REMOVAL,"Crawled 4 pages - no ABA, autism, or pediatric therapy found"
Lauren’s Kids,(786) 288-5045,Hollywood,FL,http://laurenskids.org/,TRUE,3,FALSE,,FALSE,,FALSE,FALSE,FALSE,,FLAG_FOR_REMOVAL,"Crawled 3 pages - no ABA, autism, or pediatric therapy found"
Florida Healthcare System,(239) 317-0265,Cape Coral,FL,https://hcsflorida.com/,TRUE,2,FALSE,,FALSE,,FALSE,FALSE,FALSE,,FLAG_FOR_REMOVAL,"Crawled 2 pages - no ABA, autism, or pediatric therapy found"
Florida Learning Disabilities Research Center,(850) 645-7428,Tallahassee,FL,https://fldrc.fsu.edu/,TRUE,1,FALSE,,FALSE,,FALSE,FALSE,FALSE,,FLAG_FOR_REMOVAL,"Crawled 1 pages - no ABA, autism, or pediatric therapy found"
Capernaum Medical Center,(863) 232-4323,Lakeland,FL,http://cmcwecare.com/,TRUE,1,FALSE,,FALSE,,FALSE,FALSE,FALSE,,FLAG_FOR_REMOVAL,"Crawled 1 pages - no ABA, autism, or pediatric therapy found"
"ResCare Community Living- Gainesville, FL",(352) 378-2040,Gainesville,FL,https://rescarecommunityliving.com/location/rescare-community-living-gainesville-florida/,TRUE,2,FALSE,,FALSE,,FALSE,FALSE,FALSE,,FLAG_FOR_REMOVAL,"Crawled 2 pages - no ABA, autism, or pediatric therapy found"
"Restorative Integrations, Fort Lauderdale EMDR Therapy",(954) 738-1698,Fort Lauderdale,FL,https://www.restorativeintegrations.com/,TRUE,3,FALSE,,FALSE,,FALSE,FALSE,FALSE,,FLAG_FOR_REMOVAL,"Crawled 3 pages - no ABA, autism, or pediatric therapy found"
Health First Behavioral Wellness,(321) 434-7604,Melbourne,FL,https://hf.org/healthcare-home/behavioral-health/mental-health-services,TRUE,3,FALSE,,FALSE,,FALSE,FALSE,FALSE,,FLAG_FOR_REMOVAL,"Crawled 3 pages - no ABA, autism, or pediatric therapy found"
I-BOS Counseling Center,(239) 443-6385,Cape Coral,FL,http://www.iboscounseling.com/,TRUE,1,FALSE,,FALSE,,FALSE,FALSE,FALSE,,FLAG_FOR_REMOVAL,"Crawled 1 pages - no ABA, autism, or pediatric therapy found"
"The Helping Place, LLC/PTSD Solutions Therapy",(954) 455-0388,Coral Springs,FL,http://www.ptsdsolutionstherapy.com/,TRUE,3,FALSE,,FALSE,,FALSE,FALSE,FALSE,,FLAG_FOR_REMOVAL,"Crawled 3 pages - no ABA, autism, or pediatric therapy found"
Counseling-Therapy New Smyrna-Port Orange Daytona,(386) 416-9767,Port Orange,FL,https://counseling-therapy.org/,TRUE,2,FALSE,,FALSE,,FALSE,FALSE,FALSE,,FLAG_FOR_REMOVAL,"Crawled 2 pages - no ABA, autism, or pediatric therapy found"
Center For Independent Living,(954) 722-6400,Lauderdale Lakes,FL,http://www.cilbroward.org/,TRUE,2,FALSE,,FALSE,,FALSE,FALSE,FALSE,,FLAG_FOR_REMOVAL,"Crawled 2 pages - no ABA, autism, or pediatric therapy found"
SILVER LINING COUNSELING,(863) 607-6088,Lakeland,FL,https://silverliningfl.com/,TRUE,3,FALSE,,FALSE,,FALSE,FALSE,FALSE,,FLAG_FOR_REMOVAL,"Crawled 3 pages - no ABA, autism, or pediatric therapy found"
Main Street Children's Dentistry and Orthodontics of Miami Beach,(305) 707-0028,Miami Beach,FL,https://www.mainstreetsmiles.com/dentist-office/miami-beach-fl-33140?utm_source=Google&utm_medium=KnowledgePanel&utm_campaign=Website,TRUE,2,FALSE,,FALSE,,FALSE,FALSE,FALSE,,FLAG_FOR_REMOVAL,"Crawled 2 pages - no ABA, autism, or pediatric therapy found"
Zaxbys Chicken Fingers & Buffalo Wings,(850) 383-4301,Tallahassee,FL,https://www.zaxbys.com/locations/fl/tallahassee/2319-n-monroe-st/?utm_source=local&utm_medium=organic&utm_campaign=fb,TRUE,2,FALSE,,FALSE,,FALSE,FALSE,FALSE,,FLAG_FOR_REMOVAL,"Crawled 2 pages - no ABA, autism, or pediatric therapy found"
Ascend Mind and Body,(863) 510-2624,Lakeland,FL,https://ascendfl.com/,TRUE,4,FALSE,,FALSE,,FALSE,FALSE,FALSE,,FLAG_FOR_REMOVAL,"Crawled 4 pages - no ABA, autism, or pediatric therapy found"
Behavioral Health Centers,(772) 837-5595,Port St. Lucie,FL,http://behavioralhealth-centers.com/,TRUE,4,FALSE,,FALSE,,FALSE,FALSE,FALSE,,FLAG_FOR_REMOVAL,"Crawled 4 pages - no ABA, autism, or pediatric therapy found"
Family Life Counseling Center,(352) 708-6283,Lakeland,FL,https://www.familylifecounselingcenter.com/,TRUE,1,FALSE,,FALSE,,FALSE,FALSE,FALSE,,FLAG_FOR_REMOVAL,"Crawled 1 pages - no ABA, autism, or pediatric therapy found"
Aspire Health Partners - Oasis Adolescent Center (OAC),(407) 846-5294,Orlando,FL,https://aspirehealthpartners.com/programs-and-services/program-details/27/Oasis-Adolescent-Campus,TRUE,3,FALSE,,FALSE,,FALSE,FALSE,FALSE,,FLAG_FOR_REMOVAL,"Crawled 3 pages - no ABA, autism, or pediatric therapy found"
"Emerald Hills Hand Therapy, LLC",(754) 201-1340,Hollywood,FL,http://www.handtherapy.healthcare/,TRUE,1,FALSE,,FALSE,,FALSE,FALSE,FALSE,,FLAG_FOR_REMOVAL,"Crawled 1 pages - no ABA, autism, or pediatric therapy found"
"Multilingual Psychotherapy Centers, Inc",(561) 712-8821,West Palm Beach,FL,https://www.mpcipbc.com/,TRUE,4,FALSE,,FALSE,,FALSE,FALSE,FALSE,,FLAG_FOR_REMOVAL,"Crawled 4 pages - no ABA, autism, or pediatric therapy found"
NeuroSpa,(813) 605-1122,Lakeland,FL,https://www.neurospamentalhealth.com/locations/lakeland/?utm_source=GMB%20-%20Lakeland&utm_medium=Organic,TRUE,1,FALSE,,FALSE,,FALSE,FALSE,FALSE,,FLAG_FOR_REMOVAL,"Crawled 1 pages - no ABA, autism, or pediatric therapy found"
"Red Hills Counseling Center, Inc.",(850) 404-2159,Tallahassee,FL,http://redhillscounselingcenter.com/,TRUE,2,FALSE,,FALSE,,FALSE,FALSE,FALSE,,FLAG_FOR_REMOVAL,"Crawled 2 pages - no ABA, autism, or pediatric therapy found"
Yes of America United Inc,(813) 420-7708,Tampa,FL,https://www.yesunited.org/,TRUE,4,FALSE,,FALSE,,FALSE,FALSE,FALSE,,FLAG_FOR_REMOVAL,"Crawled 4 pages - no ABA, autism, or pediatric therapy found"
The Front Porch,(386) 244-7763,Daytona Beach,FL,https://frontporch.support/,TRUE,1,FALSE,,FALSE,,FALSE,FALSE,FALSE,,FLAG_FOR_REMOVAL,"Crawled 1 pages - no ABA, autism, or pediatric therapy found"
Kris Parker and Associates,(772) 224-2125,Port St. Lucie,FL,http://www.krisparkerandassociates.com/,TRUE,1,FALSE,,FALSE,,FALSE,FALSE,FALSE,,FLAG_FOR_REMOVAL,"Crawled 1 pages - no ABA, autism, or pediatric therapy found"
Behavioral Health Centers,(772) 202-5830,Port St. Lucie,FL,http://behavioralhealth-centers.com/,TRUE,4,FALSE,,FALSE,,FALSE,FALSE,FALSE,,FLAG_FOR_REMOVAL,"Crawled 4 pages - no ABA, autism, or pediatric therapy found"
Advanced Behavioral Care,(321) 622-3222,Palm Bay,FL,http://www.advancedbehavioralcare.org/,TRUE,2,FALSE,,FALSE,,FALSE,FALSE,FALSE,,FLAG_FOR_REMOVAL,"Crawled 2 pages - no ABA, autism, or pediatric therapy found"
A-T Childrens Project,(800) 543-5728,Coconut Creek,FL,http://www.atcp.org/,TRUE,2,FALSE,,FALSE,,FALSE,FALSE,FALSE,,FLAG_FOR_REMOVAL,"Crawled 2 pages - no ABA, autism, or pediatric therapy found"
Gulf Wind Counseling,(850) 597-7833,Tallahassee,FL,http://www.gulfwindcounseling.com/,TRUE,2,FALSE,,FALSE,,FALSE,FALSE,FALSE,,FLAG_FOR_REMOVAL,"Crawled 2 pages - no ABA, autism, or pediatric therapy found"
The ART of Healing Jacksonville,(904) 236-8344,Jacksonville,FL,http://www.theartofhealingjax.com/contact,TRUE,1,FALSE,,FALSE,,FALSE,FALSE,FALSE,,FLAG_FOR_REMOVAL,"Crawled 1 pages - no ABA, autism, or pediatric therapy found"
Medical Psychology Center,(386) 672-9250,Ormond Beach,FL,http://medpsychcenter.com/,TRUE,3,FALSE,,FALSE,,FALSE,FALSE,FALSE,,FLAG_FOR_REMOVAL,"Crawled 3 pages - no ABA, autism, or pediatric therapy found"
Grow the Vine Speech & Wellness,(863) 940-9863,Lakeland,FL,http://www.gtvspeechgym.com/,TRUE,2,FALSE,,FALSE,,FALSE,FALSE,FALSE,,FLAG_FOR_REMOVAL,"Crawled 2 pages - no ABA, autism, or pediatric therapy found"
Comprehensive Psychological & Assessment Services,(800) 361-1153,Orlando,FL,http://www.cpascounseling.com/,TRUE,3,FALSE,,FALSE,,FALSE,FALSE,FALSE,,FLAG_FOR_REMOVAL,"Crawled 3 pages - no ABA, autism, or pediatric therapy found"
SG Mental Health Counseling,(850) 405-3639,Tallahassee,FL,https://sgmentalhealthservices.com/,TRUE,4,FALSE,,FALSE,,FALSE,FALSE,FALSE,,FLAG_FOR_REMOVAL,"Crawled 4 pages - no ABA, autism, or pediatric therapy found"
Disability Determinations Office,(850) 488-4222,Tallahassee,FL,https://www.floridahealth.gov/programs-and-services/people-with-disabilities/disability-determinations/index.html,TRUE,2,FALSE,,FALSE,,FALSE,FALSE,FALSE,,FLAG_FOR_REMOVAL,"Crawled 2 pages - no ABA, autism, or pediatric therapy found"
"Tri-County Human Services, Inc.",(863) 709-9392,Lakeland,FL,https://tchsonline.org/,TRUE,5,FALSE,,FALSE,,FALSE,FALSE,FALSE,,FLAG_FOR_REMOVAL,"Crawled 5 pages - no ABA, autism, or pediatric therapy found"
Baudhuin Preschool,(954) 262-7100,Davie,FL,http://www.nova.edu/,TRUE,2,FALSE,,FALSE,,FALSE,FALSE,FALSE,,FLAG_FOR_REMOVAL,"Crawled 2 pages - no ABA, autism, or pediatric therapy found"
Center for Independent Living of Gulf Coast,(239) 260-4575,Fort Myers,FL,https://www.cilgulfcoastflorida.org/,TRUE,2,FALSE,,FALSE,,FALSE,FALSE,FALSE,,FLAG_FOR_REMOVAL,"Crawled 2 pages - no ABA, autism, or pediatric therapy found"
Enrichment Services Int.,(850) 296-7807,Tallahassee,FL,https://enrichment-services.com/,TRUE,3,FALSE,,FALSE,,FALSE,FALSE,FALSE,,FLAG_FOR_REMOVAL,"Crawled 3 pages - no ABA, autism, or pediatric therapy found"
C.H.O.O.S.E. Physical Therapy LLC,(727) 797-7600,Clearwater,FL,https://choosephysicaltherapy.com/,TRUE,2,FALSE,,FALSE,,FALSE,FALSE,FALSE,,FLAG_FOR_REMOVAL,"Crawled 2 pages - no ABA, autism, or pediatric therapy found"
JD the OT LLC,(727) 222-3762,Largo,FL,http://jdtheot.com/,TRUE,3,FALSE,,FALSE,,FALSE,FALSE,FALSE,,FLAG_FOR_REMOVAL,"Crawled 3 pages - no ABA, autism, or pediatric therapy found"
UF Health Early Developmental Assessment Clinic,(352) 273-8920,Gainesville,FL,https://ufhealth.org/locations/uf-health-early-developmental-assessment-clinic?utm_source=pg-google&utm_medium=organic&utm_campaign=pg-listings,TRUE,2,FALSE,,FALSE,,FALSE,FALSE,FALSE,,FLAG_FOR_REMOVAL,"Crawled 2 pages - no ABA, autism, or pediatric therapy found"
"The Back Door Counseling, LLC",(239) 699-8622,Cape Coral,FL,http://www.thebackdoorcounseling.com/,TRUE,2,FALSE,,FALSE,,FALSE,FALSE,FALSE,,FLAG_FOR_REMOVAL,"Crawled 2 pages - no ABA, autism, or pediatric therapy found"
Thrive Psychological Associates,(305) 814-8558,Miami Lakes,FL,http://www.thrivepsychological.com/,TRUE,2,FALSE,,FALSE,,FALSE,FALSE,FALSE,,FLAG_FOR_REMOVAL,"Crawled 2 pages - no ABA, autism, or pediatric therapy found"
Florida Association of Centers for Independent Living,(850) 575-6004,Tallahassee,FL,https://www.floridacils.org/,TRUE,2,FALSE,,FALSE,,FALSE,FALSE,FALSE,,FLAG_FOR_REMOVAL,"Crawled 2 pages - no ABA, autism, or pediatric therapy found"
BayCare Kids Specialty Center- Mease Countryside,(727) 725-6966,Clearwater,FL,https://baycare.org/locations/s/st-josephs-childrens-specialty-center--mease-countryside?utm_campaign=BayCare_DigitalMarketing_M20140288&utm_source=Google&utm_medium=LocalListing&utm_content=BayCare_Kids_Specialty_Center-_Mease_Countryside,TRUE,3,FALSE,,FALSE,,FALSE,FALSE,FALSE,,FLAG_FOR_REMOVAL,"Crawled 3 pages - no ABA, autism, or pediatric therapy found"
Dr.MVMNT,(717) 729-7422,Fort Lauderdale,FL,http://www.drmvmnt.com/,TRUE,2,FALSE,,FALSE,,FALSE,FALSE,FALSE,,FLAG_FOR_REMOVAL,"Crawled 2 pages - no ABA, autism, or pediatric therapy found"
Journey Center Jax,(904) 860-2248,Jacksonville,FL,https://journeycenterjax.com/,TRUE,3,FALSE,,FALSE,,FALSE,FALSE,FALSE,,FLAG_FOR_REMOVAL,"Crawled 3 pages - no ABA, autism, or pediatric therapy found"
The Academy at Ambrosia,(561) 202-2545,Port St. Lucie,FL,https://www.ambrosiatc.com/locations/the-academy/,TRUE,4,FALSE,,FALSE,,FALSE,FALSE,FALSE,,FLAG_FOR_REMOVAL,"Crawled 4 pages - no ABA, autism, or pediatric therapy found"
"Therapy with Alyse, LLC",(856) 438-0694,West Palm Beach,FL,https://therapywithalyse.com/,TRUE,3,FALSE,,FALSE,,FALSE,FALSE,FALSE,,FLAG_FOR_REMOVAL,"Crawled 3 pages - no ABA, autism, or pediatric therapy found"
Gainesville Family Institute,(352) 376-5543,Gainesville,FL,http://gainesvillefamilyinstitute.com/,TRUE,10,FALSE,,FALSE,,FALSE,FALSE,FALSE,,FLAG_FOR_REMOVAL,"Crawled 10 pages - no ABA, autism, or pediatric therapy found"
"Attachment and Experiential Therapy, LLC",(603) 217-2755,Tallahassee,FL,http://www.adptherapy.com/,TRUE,1,FALSE,,FALSE,,FALSE,FALSE,FALSE,,FLAG_FOR_REMOVAL,"Crawled 1 pages - no ABA, autism, or pediatric therapy found"
"Assurance Hope Institute, Inc.",(954) 368-6856,Plantation,FL,http://www.assuranceofhope.org/,TRUE,4,FALSE,,FALSE,,FALSE,FALSE,FALSE,,FLAG_FOR_REMOVAL,"Crawled 4 pages - no ABA, autism, or pediatric therapy found"
Traveling Light Counseling Inc,(772) 361-8448,Port St. Lucie,FL,https://www.travelinglightcounseling.com/,TRUE,1,FALSE,,FALSE,,FALSE,FALSE,FALSE,,FLAG_FOR_REMOVAL,"Crawled 1 pages - no ABA, autism, or pediatric therapy found"
Healing Words Therapy,(954) 866-4941,Davie,FL,https://www.healingwordstherapy.com/,TRUE,2,FALSE,,FALSE,,FALSE,FALSE,FALSE,,FLAG_FOR_REMOVAL,"Crawled 2 pages - no ABA, autism, or pediatric therapy found"
Goldstar ⭐️ therapy,(352) 221-0154,Gainesville,FL,http://www.sandyflory.com/,TRUE,1,FALSE,,FALSE,,FALSE,FALSE,FALSE,,FLAG_FOR_REMOVAL,"Crawled 1 pages - no ABA, autism, or pediatric therapy found"
The Center For Psychology,(239) 278-3443,Fort Myers,FL,http://www.thecenterforpsychology.com/,TRUE,4,FALSE,,FALSE,,FALSE,FALSE,FALSE,,FLAG_FOR_REMOVAL,"Crawled 4 pages - no ABA, autism, or pediatric therapy found"
Mosaic Creative Counseling,(850) 542-1212,Tallahassee,FL,http://mosaiccreativecounseling.com/,TRUE,1,FALSE,,FALSE,,FALSE,FALSE,FALSE,,FLAG_FOR_REMOVAL,"Crawled 1 pages - no ABA, autism, or pediatric therapy found"
HCA Florida Oak Hill Hospital,(352) 596-6632,Brooksville,FL,https://www.hcafloridahealthcare.com/locations/oak-hill-hospital/?utm__campaign=corp_listings_mgmt&utm_source=google&utm_medium=business_listing,TRUE,3,FALSE,,FALSE,,FALSE,FALSE,FALSE,,FLAG_FOR_REMOVAL,"Crawled 3 pages - no ABA, autism, or pediatric therapy found"
Let's Talk & Move Therapy Center,(863) 272-9639,Lakeland,FL,http://www.ltmtherapycenter.com/,TRUE,1,FALSE,,FALSE,,FALSE,FALSE,FALSE,,FLAG_FOR_REMOVAL,"Crawled 1 pages - no ABA, autism, or pediatric therapy found"
Center For Positive Change,(727) 218-8870,Clearwater,FL,http://www.center4positivechange.com/,TRUE,3,FALSE,,FALSE,,FALSE,FALSE,FALSE,,FLAG_FOR_REMOVAL,"Crawled 3 pages - no ABA, autism, or pediatric therapy found"
Special Needs Solution,(305) 915-0818,Miami,FL,https://specialneedssolution.net/,TRUE,2,FALSE,,FALSE,,FALSE,FALSE,FALSE,,FLAG_FOR_REMOVAL,"Crawled 2 pages - no ABA, autism, or pediatric therapy found"
Transformative Therapy Solutions LLC,(352) 247-7358,Gainesville,FL,http://www.transformativetherapysolutions.com/,TRUE,2,FALSE,,FALSE,,FALSE,FALSE,FALSE,,FLAG_FOR_REMOVAL,"Crawled 2 pages - no ABA, autism, or pediatric therapy found"
Revive Counseling Gainesville,(352) 731-0050,Gainesville,FL,https://revivegnv.com/,TRUE,2,FALSE,,FALSE,,FALSE,FALSE,FALSE,,FLAG_FOR_REMOVAL,"Crawled 2 pages - no ABA, autism, or pediatric therapy found"
Pathway Wellness,(850) 386-8282,Tallahassee,FL,https://www.pathwaywellness.com/?utm_source=google&utm_medium=organic&utm_campaign=gbp,TRUE,3,FALSE,,FALSE,,FALSE,FALSE,FALSE,,FLAG_FOR_REMOVAL,"Crawled 3 pages - no ABA, autism, or pediatric therapy found"
Future Pathways,(850) 888-3001,Tallahassee,FL,http://futurepathwaysfl.com/,TRUE,3,FALSE,,FALSE,,FALSE,FALSE,FALSE,,FLAG_FOR_REMOVAL,"Crawled 3 pages - no ABA, autism, or pediatric therapy found"
In Community Counseling,(352) 293-4376,Spring Hill,FL,http://www.incommunitycounseling.com/,TRUE,9,FALSE,,FALSE,,FALSE,FALSE,FALSE,,FLAG_FOR_REMOVAL,"Crawled 9 pages - no ABA, autism, or pediatric therapy found"
Grey Area Therapy Jax,(904) 323-2729,Jacksonville,FL,https://www.greyareatherapyjax.com/,TRUE,2,FALSE,,FALSE,,FALSE,FALSE,FALSE,,FLAG_FOR_REMOVAL,"Crawled 2 pages - no ABA, autism, or pediatric therapy found"
The Arc of Volusia Inc,(386) 274-4736,Daytona Beach,FL,http://arcvolusia.org/,TRUE,3,FALSE,,FALSE,,FALSE,FALSE,FALSE,,FLAG_FOR_REMOVAL,"Crawled 3 pages - no ABA, autism, or pediatric therapy found"
Stannard Chuck,(850) 531-0432,Tallahassee,FL,http://www.chuckstannard.com/,TRUE,1,FALSE,,FALSE,,FALSE,FALSE,FALSE,,FLAG_FOR_REMOVAL,"Crawled 1 pages - no ABA, autism, or pediatric therapy found"
"Black Swan Counseling Services, LLC",(863) 272-9137,Lakeland,FL,https://www.blackswancounseling.com/,TRUE,3,FALSE,,FALSE,,FALSE,FALSE,FALSE,,FLAG_FOR_REMOVAL,"Crawled 3 pages - no ABA, autism, or pediatric therapy found"
Thriveworks Counseling & Psychiatry Gainesville,(352) 469-4507,Gainesville,FL,https://thriveworks.com/gainesville-counseling/?utm_source=GMBlisting&utm_medium=organic&field:8499441=GMB,TRUE,2,FALSE,,FALSE,,FALSE,FALSE,FALSE,,FLAG_FOR_REMOVAL,"Crawled 2 pages - no ABA, autism, or pediatric therapy found"
Quarles Make A Change Foundation 501c(3) Non-Profit Organization,(813) 365-1156,Tampa,FL,https://www.quarlesmacfoundation.org/,TRUE,2,FALSE,,FALSE,,FALSE,FALSE,FALSE,,FLAG_FOR_REMOVAL,"Crawled 2 pages - no ABA, autism, or pediatric therapy found"
Behavioral Health Solutions,(850) 552-0691,Tallahassee,FL,http://www.behavioralhealthtallahassee.com/,TRUE,1,FALSE,,FALSE,,FALSE,FALSE,FALSE,,FLAG_FOR_REMOVAL,"Crawled 1 pages - no ABA, autism, or pediatric therapy found"
FSU Center for Academic and Professional Development,(850) 644-3801,Tallahassee,FL,https://learningforlife.fsu.edu/,TRUE,3,FALSE,,FALSE,,FALSE,FALSE,FALSE,,FLAG_FOR_REMOVAL,"Crawled 3 pages - no ABA, autism, or pediatric therapy found"
TMZ BEHAVIORAL CARE: Dr. Charline Boufin,(754) 333-1609,Davie,FL,https://www.tmzbehavioralcare.com/,TRUE,4,FALSE,,FALSE,,FALSE,FALSE,FALSE,,FLAG_FOR_REMOVAL,"Crawled 4 pages - no ABA, autism, or pediatric therapy found"
Ormond By The Sea Counseling,(386) 871-0365,Ormond Beach,FL,http://ormondbytheseacounseling.com/,TRUE,1,FALSE,,FALSE,,FALSE,FALSE,FALSE,,FLAG_FOR_REMOVAL,"Crawled 1 pages - no ABA, autism, or pediatric therapy found"
Mindful Lotus Therapy Inc.,(754) 248-9589,Davie,FL,https://www.mindfullotustherapyfl.com/,TRUE,1,FALSE,,FALSE,,FALSE,FALSE,FALSE,,FLAG_FOR_REMOVAL,"Crawled 1 pages - no ABA, autism, or pediatric therapy found"
"Families First of Florida, LLC",(813) 290-8560,Tallahassee,FL,http://www.familiesfirstfl.com/,TRUE,3,FALSE,,FALSE,,FALSE,FALSE,FALSE,,FLAG_FOR_REMOVAL,"Crawled 3 pages - no ABA, autism, or pediatric therapy found"
Florida Therapy Center,(321) 726-4150,Palm Bay,FL,http://www.floridatherapycenter.com/,TRUE,1,FALSE,,FALSE,,FALSE,FALSE,FALSE,,FLAG_FOR_REMOVAL,"Crawled 1 pages - no ABA, autism, or pediatric therapy found"
Thriveworks Counseling & Psychiatry Clearwater,(727) 382-3452,Clearwater,FL,https://thriveworks.com/clearwater-counseling/?utm_source=GMBlisting&utm_medium=organic&field:8499441=GMB,TRUE,2,FALSE,,FALSE,,FALSE,FALSE,FALSE,,FLAG_FOR_REMOVAL,"Crawled 2 pages - no ABA, autism, or pediatric therapy found"
FSU Speech and Hearing Clinic,(850) 644-2238,Tallahassee,FL,https://commdisorders.cci.fsu.edu/speech-hearing-clinic/,TRUE,3,FALSE,,FALSE,,FALSE,FALSE,FALSE,,FLAG_FOR_REMOVAL,"Crawled 3 pages - no ABA, autism, or pediatric therapy found"
"Blum Counseling Group, LLC",(786) 540-3047,Hollywood,FL,http://www.blumcounselinggroup.com/,TRUE,2,FALSE,,FALSE,,FALSE,FALSE,FALSE,,FLAG_FOR_REMOVAL,"Crawled 2 pages - no ABA, autism, or pediatric therapy found"
Harmony at Home Coaching and The Kid Coach,(863) 336-2300,Lakeland,FL,https://www.harmonyathomecoaching.com/,TRUE,1,FALSE,,FALSE,,FALSE,FALSE,FALSE,,FLAG_FOR_REMOVAL,"Crawled 1 pages - no ABA, autism, or pediatric therapy found"
"Social Care Services, LLC",(904) 294-5329,Jacksonville,FL,http://www.socialcareservices.net/,TRUE,2,FALSE,,FALSE,,FALSE,FALSE,FALSE,,FLAG_FOR_REMOVAL,"Crawled 2 pages - no ABA, autism, or pediatric therapy found"
"AER Mental Health Services/Andria Estrella-Roa, LMFT",(407) 259-5856,Orlando,FL,https://aermentalhealth.com/,TRUE,2,FALSE,,FALSE,,FALSE,FALSE,FALSE,,FLAG_FOR_REMOVAL,"Crawled 2 pages - no ABA, autism, or pediatric therapy found"
Autism Speaks Inc,(407) 478-6330,Maitland,FL,https://www.autismspeaks.org/,TRUE,10,FALSE,,FALSE,,FALSE,FALSE,FALSE,,FLAG_FOR_REMOVAL,"Crawled 10 pages - no ABA, autism, or pediatric therapy found"
Greenbrook Mental Wellness Centers,(855) 940-4867,Clearwater,FL,https://www.greenbrooktms.com/florida-centers/clearwater,TRUE,3,FALSE,,FALSE,,FALSE,FALSE,FALSE,,FLAG_FOR_REMOVAL,"Crawled 3 pages - no ABA, autism, or pediatric therapy found"
Lifeskills South Florida Fort Lauderdale,(954) 408-8770,Fort Lauderdale,FL,https://www.lifeskillssouthflorida.com/programs/detox-residential/,TRUE,3,FALSE,,FALSE,,FALSE,FALSE,FALSE,,FLAG_FOR_REMOVAL,"Crawled 3 pages - no ABA, autism, or pediatric therapy found"
The Learning Pavilion,(850) 921-5437,Tallahassee,FL,http://www.thelearningpavilion.org/,TRUE,4,FALSE,,FALSE,,FALSE,FALSE,FALSE,,FLAG_FOR_REMOVAL,"Crawled 4 pages - no ABA, autism, or pediatric therapy found"
Her Hope Behavioral Health,(561) 600-8764,Jacksonville,FL,http://www.herhopebh.com/,TRUE,3,FALSE,,FALSE,,FALSE,FALSE,FALSE,,FLAG_FOR_REMOVAL,"Crawled 3 pages - no ABA, autism, or pediatric therapy found"
Enso Psych Group,(850) 778-1642,Tallahassee,FL,http://www.ensopsych.com/,TRUE,3,FALSE,,FALSE,,FALSE,FALSE,FALSE,,FLAG_FOR_REMOVAL,"Crawled 3 pages - no ABA, autism, or pediatric therapy found"
Applied Behavioral Learning Experiences - South Lakeland,(863) 619-2809,Lakeland,FL,http://www.applied-behavioral.com/?fbclid=IwAR3i69ksjfpPCU5WQSz-Tg0ikNYsvt0ryoyq-SCpMV4nQdDL6KsyugGKMd4,TRUE,10,FALSE,,FALSE,,FALSE,FALSE,FALSE,,FLAG_FOR_REMOVAL,"Crawled 10 pages - no ABA, autism, or pediatric therapy found"
The Mindful Practice,(407) 308-2747,Jacksonville,FL,https://the-mindful-practice.com/jacksonville/,TRUE,3,FALSE,,FALSE,,FALSE,FALSE,FALSE,,FLAG_FOR_REMOVAL,"Crawled 3 pages - no ABA, autism, or pediatric therapy found"
Southeastern Behavioral Health,(850) 296-3665,Tallahassee,FL,http://www.sebhfl.com/,TRUE,1,FALSE,,FALSE,,FALSE,FALSE,FALSE,,FLAG_FOR_REMOVAL,"Crawled 1 pages - no ABA, autism, or pediatric therapy found"
Loving Life Today: Therapy & Counseling,(813) 609-6946,Tampa,FL,https://www.lovinglifetoday.com/,TRUE,5,FALSE,,FALSE,,FALSE,FALSE,FALSE,,FLAG_FOR_REMOVAL,"Crawled 5 pages - no ABA, autism, or pediatric therapy found"
Enso Behavioral Healthcare,(727) 386-6495,Tampa,FL,http://www.ensobehavioralhealthcare.com/,TRUE,1,FALSE,,FALSE,,FALSE,FALSE,FALSE,,FLAG_FOR_REMOVAL,"Crawled 1 pages - no ABA, autism, or pediatric therapy found"
Envisioning Hope Counseling,(352) 440-3004,Brooksville,FL,http://envisioninghopecounseling.com/,TRUE,2,FALSE,,FALSE,,FALSE,FALSE,FALSE,,FLAG_FOR_REMOVAL,"Crawled 2 pages - no ABA, autism, or pediatric therapy found"
Ascend Behavioral Health,(786) 373-3027,Fort Myers,FL,https://www.ascendbhs.org/,TRUE,1,FALSE,,FALSE,,FALSE,FALSE,FALSE,,FLAG_FOR_REMOVAL,"Crawled 1 pages - no ABA, autism, or pediatric therapy found"
Avant-Garde Therapy,(954) 357-3333,Davie,FL,http://a-gtherapy.com/,TRUE,3,FALSE,,FALSE,,FALSE,FALSE,FALSE,,FLAG_FOR_REMOVAL,"Crawled 3 pages - no ABA, autism, or pediatric therapy found"
Rivers Edge Adult Day Care,(321) 727-7337,Palm Bay,FL,http://www.riversedgedaytrainingprogram.com/,TRUE,1,FALSE,,FALSE,,FALSE,FALSE,FALSE,,FLAG_FOR_REMOVAL,"Crawled 1 pages - no ABA, autism, or pediatric therapy found"
"SWFL Counseling, LLC",(239) 225-2180,Fort Myers,FL,http://www.swflcounsel.com/,TRUE,2,FALSE,,FALSE,,FALSE,FALSE,FALSE,,FLAG_FOR_REMOVAL,"Crawled 2 pages - no ABA, autism, or pediatric therapy found"
"Emily K. Gray, MFT, Inc.",(352) 225-3360,Gainesville,FL,https://emilykgraymftinc.com/,TRUE,1,FALSE,,FALSE,,FALSE,FALSE,FALSE,,FLAG_FOR_REMOVAL,"Crawled 1 pages - no ABA, autism, or pediatric therapy found"
Best Buddies,(561) 972-5312,West Palm Beach,FL,https://www.bestbuddies.org/florida,TRUE,4,FALSE,,FALSE,,FALSE,FALSE,FALSE,,FLAG_FOR_REMOVAL,"Crawled 4 pages - no ABA, autism, or pediatric therapy found"
ACTS Wraparound Housing and Amethyst Respite Center,(813) 237-4907,Tampa,FL,http://www.actsfl.org/,TRUE,4,FALSE,,FALSE,,FALSE,FALSE,FALSE,,FLAG_FOR_REMOVAL,"Crawled 4 pages - no ABA, autism, or pediatric therapy found"
Vitality Health & Wellness,(305) 466-1100,Miami Beach,FL,http://www.vitalitywellness.com/,TRUE,4,FALSE,,FALSE,,FALSE,FALSE,FALSE,,FLAG_FOR_REMOVAL,"Crawled 4 pages - no ABA, autism, or pediatric therapy found"
Daytona Beach Counseling Center,(386) 405-4128,Daytona Beach,FL,http://daytonabeachcounselingcenter.com/,TRUE,1,FALSE,,FALSE,,FALSE,FALSE,FALSE,,FLAG_FOR_REMOVAL,"Crawled 1 pages - no ABA, autism, or pediatric therapy found"
A Beautiful Mind Psychological Services,(561) 454-8984,West Palm Beach,FL,https://abeautifulmind.my.canva.site/,TRUE,1,FALSE,,FALSE,,FALSE,FALSE,FALSE,,FLAG_FOR_REMOVAL,"Crawled 1 pages - no ABA, autism, or pediatric therapy found"
"Empowerment Programs, Inc.",(904) 346-0201,Jacksonville,FL,http://empowermentprograms.org/,TRUE,1,FALSE,,FALSE,,FALSE,FALSE,FALSE,,FLAG_FOR_REMOVAL,"Crawled 1 pages - no ABA, autism, or pediatric therapy found"
Behavioral Health Associates,(352) 597-5497,Spring Hill,FL,http://bhaofspringhill.com/,TRUE,1,FALSE,,FALSE,,FALSE,FALSE,FALSE,,FLAG_FOR_REMOVAL,"Crawled 1 pages - no ABA, autism, or pediatric therapy found"
Gardened Mind Therapy,(813) 500-8683,Lakeland,FL,https://gardenedmindtherapy.com/,TRUE,4,FALSE,,FALSE,,FALSE,FALSE,FALSE,,FLAG_FOR_REMOVAL,"Crawled 4 pages - no ABA, autism, or pediatric therapy found"
Thoughtful Counseling LLC,(863) 701-5127,Lakeland,FL,https://www.thoughtfulcounseling.net/,TRUE,1,FALSE,,FALSE,,FALSE,FALSE,FALSE,,FLAG_FOR_REMOVAL,"Crawled 1 pages - no ABA, autism, or pediatric therapy found"
Kiwi Behavioral Therapy - ABA,(954) 256-0357,Hallandale Beach,FL,http://kiwibxtherapy.com/,TRUE,3,FALSE,,FALSE,,FALSE,FALSE,FALSE,,FLAG_FOR_REMOVAL,"Crawled 3 pages - no ABA, autism, or pediatric therapy found"
FDLRS Gulfcoast,(727) 793-2723,Clearwater,FL,https://www.fdlrsgulfcoast.org/,TRUE,2,FALSE,,FALSE,,FALSE,FALSE,FALSE,,FLAG_FOR_REMOVAL,"Crawled 2 pages - no ABA, autism, or pediatric therapy found"
LifeSpring Counseling Center,(352) 263-1499,Brooksville,FL,http://www.lifespringcounseling.center/,TRUE,1,FALSE,,FALSE,,FALSE,FALSE,FALSE,,FLAG_FOR_REMOVAL,"Crawled 1 pages - no ABA, autism, or pediatric therapy found"
Lakeside Counseling and Wellness Center,(386) 333-9717,Port Orange,FL,https://lakesidetherapists.com/,TRUE,4,FALSE,,FALSE,,FALSE,FALSE,FALSE,,FLAG_FOR_REMOVAL,"Crawled 4 pages - no ABA, autism, or pediatric therapy found"
"Grow, Empower, Transform Therapy, LLC",(813) 563-8227,Tampa,FL,http://www.gettherapy.org/,TRUE,3,FALSE,,FALSE,,FALSE,FALSE,FALSE,,FLAG_FOR_REMOVAL,"Crawled 3 pages - no ABA, autism, or pediatric therapy found"
Adapt Behavioral Services,(386) 898-5003,Ormond Beach,FL,http://www.adapt-fl.com/,TRUE,2,FALSE,,FALSE,,FALSE,FALSE,FALSE,,FLAG_FOR_REMOVAL,"Crawled 2 pages - no ABA, autism, or pediatric therapy found"
Floret Counseling,(813) 445-3313,Lakeland,FL,https://www.floretcounseling.com/,TRUE,1,FALSE,,FALSE,,FALSE,FALSE,FALSE,,FLAG_FOR_REMOVAL,"Crawled 1 pages - no ABA, autism, or pediatric therapy found"
Winning Hearts IM A+ Personal Transformation Services,(321) 327-4091,Palm Bay,FL,https://winninghearts2.org/,TRUE,3,FALSE,,FALSE,,FALSE,FALSE,FALSE,,FLAG_FOR_REMOVAL,"Crawled 3 pages - no ABA, autism, or pediatric therapy found"
Dr. Tripp & Associates,(772) 494-7770,Port St. Lucie,FL,https://www.drtrippandassociates.com/get-matched,TRUE,4,FALSE,,FALSE,,FALSE,FALSE,FALSE,,FLAG_FOR_REMOVAL,"Crawled 4 pages - no ABA, autism, or pediatric therapy found"
Better Brain Care,(850) 656-1129,Tallahassee,FL,https://mentalhealthcouncil.org/business-directory/1332/better-brain-care-llc/,TRUE,3,FALSE,,FALSE,,FALSE,FALSE,FALSE,,FLAG_FOR_REMOVAL,"Crawled 3 pages - no ABA, autism, or pediatric therapy found"
D'Arienzo Psychology,(904) 379-8094,Jacksonville,FL,https://www.drdarienzo.com/,TRUE,2,FALSE,,FALSE,,FALSE,FALSE,FALSE,,FLAG_FOR_REMOVAL,"Crawled 2 pages - no ABA, autism, or pediatric therapy found"
Creating independence academy,(727) 225-1669,Clearwater,FL,http://www.creatingindependenceac.com/,TRUE,10,FALSE,,FALSE,,FALSE,FALSE,FALSE,,FLAG_FOR_REMOVAL,"Crawled 10 pages - no ABA, autism, or pediatric therapy found"
Stillwater Therapy,(813) 803-0961,Clearwater,FL,http://www.stillwater-therapy.com/,TRUE,3,FALSE,,FALSE,,FALSE,FALSE,FALSE,,FLAG_FOR_REMOVAL,"Crawled 3 pages - no ABA, autism, or pediatric therapy found"
"Mylan Kaltman, PsyD",(321) 724-1614,Palm Bay,FL,http://www.atlanticpsych.com/,TRUE,3,FALSE,,FALSE,,FALSE,FALSE,FALSE,,FLAG_FOR_REMOVAL,"Crawled 3 pages - no ABA, autism, or pediatric therapy found"
Nova Gymnastics,(954) 476-3154,Davie,FL,http://www.novagymnastics.com/,TRUE,1,FALSE,,FALSE,,FALSE,FALSE,FALSE,,FLAG_FOR_REMOVAL,"Crawled 1 pages - no ABA, autism, or pediatric therapy found"
Proclaim Communication and Rehabilitation Services,(321) 209-0171,Palm Bay,FL,http://proclaim-services.com/,TRUE,2,FALSE,,FALSE,,FALSE,FALSE,FALSE,,FLAG_FOR_REMOVAL,"Crawled 2 pages - no ABA, autism, or pediatric therapy found"
MorMindful Therapy & Psychiatry Fort Lauderdale,(954) 889-7929,Fort Lauderdale,FL,https://www.mormindful.com/fort-lauderdale-psychologist,TRUE,2,FALSE,,FALSE,,FALSE,FALSE,FALSE,,FLAG_FOR_REMOVAL,"Crawled 2 pages - no ABA, autism, or pediatric therapy found"
Masterpiece Counseling LLC,(863) 410-2095,Lakeland,FL,http://masterpiececounseling.org/,TRUE,1,FALSE,,FALSE,,FALSE,FALSE,FALSE,,FLAG_FOR_REMOVAL,"Crawled 1 pages - no ABA, autism, or pediatric therapy found"
Be Kind To Mind Counseling,(386) 272-7440,Daytona Beach,FL,https://bekindtomind.com/,TRUE,1,FALSE,,FALSE,,FALSE,FALSE,FALSE,,FLAG_FOR_REMOVAL,"Crawled 1 pages - no ABA, autism, or pediatric therapy found"
Rise Counseling Treasure Coast,(772) 226-0383,Port St. Lucie,FL,https://risecounselingtc.com/?utm_source=google&utm_medium=local&utm_campaign=1&utm_content=primary,TRUE,3,FALSE,,FALSE,,FALSE,FALSE,FALSE,,FLAG_FOR_REMOVAL,"Crawled 3 pages - no ABA, autism, or pediatric therapy found"
"Caring & Sharing Center for Independent Living, Inc., DBA Disability Achievement Center",(727) 539-7550,Largo,FL,https://www.mydacil.org/,TRUE,2,FALSE,,FALSE,,FALSE,FALSE,FALSE,,FLAG_FOR_REMOVAL,"Crawled 2 pages - no ABA, autism, or pediatric therapy found"
Children's Services Council of Broward County,(954) 377-1000,Fort Lauderdale,FL,https://www.cscbroward.org/,TRUE,2,FALSE,,FALSE,,FALSE,FALSE,FALSE,,FLAG_FOR_REMOVAL,"Crawled 2 pages - no ABA, autism, or pediatric therapy found"
"SOS Counseling Center, Inc",(954) 323-4827,Tamarac,FL,https://www.soscounselingcenter.com/,TRUE,2,FALSE,,FALSE,,FALSE,FALSE,FALSE,,FLAG_FOR_REMOVAL,"Crawled 2 pages - no ABA, autism, or pediatric therapy found"
"Susan Truett, LMHC",(863) 660-6556,Lakeland,FL,http://www.relationshipbuilders-lakeland.com/,TRUE,2,FALSE,,FALSE,,FALSE,FALSE,FALSE,,FLAG_FOR_REMOVAL,"Crawled 2 pages - no ABA, autism, or pediatric therapy found"
"integrity therapy services, llc login",(863) 617-9400,Lakeland,FL,http://integritytherapy.info/contactus.aspx,TRUE,10,FALSE,,FALSE,,FALSE,FALSE,FALSE,,FLAG_FOR_REMOVAL,"Crawled 10 pages - no ABA, autism, or pediatric therapy found"
"EMDR, Trauma & Couples Therapy Intensive in South Florida & South Carolina-Renew Your Mind Counseling-Roxana Carmenate, LCSW",(754) 223-9949,Pembroke Pines,FL,https://www.renewyourmindcounseling.com/,TRUE,1,FALSE,,FALSE,,FALSE,FALSE,FALSE,,FLAG_FOR_REMOVAL,"Crawled 1 pages - no ABA, autism, or pediatric therapy found"
Thriveworks Counseling & Psychiatry Tallahassee,(850) 749-2313,Tallahassee,FL,https://thriveworks.com/tallahassee-counseling/?utm_source=GMBlisting&utm_medium=organic&field:8499441=GMB,TRUE,2,FALSE,,FALSE,,FALSE,FALSE,FALSE,,FLAG_FOR_REMOVAL,"Crawled 2 pages - no ABA, autism, or pediatric therapy found"
"Melissa A. Lewis, CHT",(239) 482-2663,Fort Myers,FL,http://www.ocfla.net/,TRUE,2,FALSE,,FALSE,,FALSE,FALSE,FALSE,,FLAG_FOR_REMOVAL,"Crawled 2 pages - no ABA, autism, or pediatric therapy found"
Hope Broker Williams Family Therapy,(863) 624-5818,Lakeland,FL,http://hope4youtherapy.com/,TRUE,4,FALSE,,FALSE,,FALSE,FALSE,FALSE,,FLAG_FOR_REMOVAL,"Crawled 4 pages - no ABA, autism, or pediatric therapy found"
Dandelion Behavioral Health - Fort Myers,(941) 780-4268,Fort Myers,FL,https://dandelionbehavioral.com/,TRUE,1,FALSE,,FALSE,,FALSE,FALSE,FALSE,,FLAG_FOR_REMOVAL,"Crawled 1 pages - no ABA, autism, or pediatric therapy found"
Williamsburg Therapy Group Miami,(786) 889-4333,Coconut Grove,FL,https://www.williamsburgtherapygroup.com/miami-fl,TRUE,2,FALSE,,FALSE,,FALSE,FALSE,FALSE,,FLAG_FOR_REMOVAL,"Crawled 2 pages - no ABA, autism, or pediatric therapy found"
Presbyterian Counseling Center,(386) 258-1618,Ormond Beach,FL,https://presbyteriancounseling.com/,TRUE,1,FALSE,,FALSE,,FALSE,FALSE,FALSE,,FLAG_FOR_REMOVAL,"Crawled 1 pages - no ABA, autism, or pediatric therapy found"
The Russell Home for Atypical Children,(407) 855-8063,Orlando,FL,https://www.russellhome.org/,TRUE,3,FALSE,,FALSE,,FALSE,FALSE,FALSE,,FLAG_FOR_REMOVAL,"Crawled 3 pages - no ABA, autism, or pediatric therapy found"
True Counseling,(772) 446-0906,Port St. Lucie,FL,http://truecounseling.net/,TRUE,3,FALSE,,FALSE,,FALSE,FALSE,FALSE,,FLAG_FOR_REMOVAL,"Crawled 3 pages - no ABA, autism, or pediatric therapy found"
Meadowbrook Psychiatric & Counseling Centre,(863) 709-8543,Lakeland,FL,https://meadowbrookcentre.org/,TRUE,5,FALSE,,FALSE,,FALSE,FALSE,FALSE,,FLAG_FOR_REMOVAL,"Crawled 5 pages - no ABA, autism, or pediatric therapy found"
Wolfson Children's Rehabilitation - Drew Bradbury Center,(904) 346-0394,Jacksonville,FL,https://www.wolfsonchildrens.com/services/rehabilitation,TRUE,10,FALSE,,FALSE,,FALSE,FALSE,FALSE,,FLAG_FOR_REMOVAL,"Crawled 10 pages - no ABA, autism, or pediatric therapy found"
Brighter Day Psychological Services,(407) 337-3160,Orlando,FL,https://www.brighterdaypsych.com/,TRUE,2,FALSE,,FALSE,,FALSE,FALSE,FALSE,,FLAG_FOR_REMOVAL,"Crawled 2 pages - no ABA, autism, or pediatric therapy found"
Learning Curve Counseling,(352) 559-9878,Gainesville,FL,http://www.learningcurvecounseling.com/,TRUE,1,FALSE,,FALSE,,FALSE,FALSE,FALSE,,FLAG_FOR_REMOVAL,"Crawled 1 pages - no ABA, autism, or pediatric therapy found"
Hope Counseling Centers,(863) 709-8110,Lakeland,FL,https://hopecounselingeap.com/?y_source=1_MzA2MTE0OS03MTUtbG9jYXRpb24ud2Vic2l0ZQ%3D%3D,TRUE,1,FALSE,,FALSE,,FALSE,FALSE,FALSE,,FLAG_FOR_REMOVAL,"Crawled 1 pages - no ABA, autism, or pediatric therapy found"
Cue Counseling Center,(863) 937-3943,Lakeland,FL,http://cuecounseling.com/,TRUE,10,FALSE,,FALSE,,FALSE,FALSE,FALSE,,FLAG_FOR_REMOVAL,"Crawled 10 pages - no ABA, autism, or pediatric therapy found"
YMCA of the Suncoast Association Office,(727) 467-9622,Clearwater,FL,http://www.ymcasuncoast.org/,TRUE,3,FALSE,,FALSE,,FALSE,FALSE,FALSE,,FLAG_FOR_REMOVAL,"Crawled 3 pages - no ABA, autism, or pediatric therapy found"
"The Sabol Center, LLC",(863) 398-9624,Lakeland,FL,http://sabolcenter.com/,TRUE,3,FALSE,,FALSE,,FALSE,FALSE,FALSE,,FLAG_FOR_REMOVAL,"Crawled 3 pages - no ABA, autism, or pediatric therapy found"
Achieve Wellness Group,(352) 515-6914,Spring Hill,FL,http://achievewellnessgroup.net/,TRUE,10,FALSE,,FALSE,,FALSE,FALSE,FALSE,,FLAG_FOR_REMOVAL,"Crawled 10 pages - no ABA, autism, or pediatric therapy found"
North Florida Spine and Wellness,(850) 877-6790,Tallahassee,FL,http://www.healthytallahassee.com/,TRUE,1,FALSE,,FALSE,,FALSE,FALSE,FALSE,,FLAG_FOR_REMOVAL,"Crawled 1 pages - no ABA, autism, or pediatric therapy found"
"Dr. George Zaky, Psy.D., LMHC, LLC",(772) 249-2593,Port St. Lucie,FL,http://www.expertpsychologicalassociates.com/,TRUE,10,FALSE,,FALSE,,FALSE,FALSE,FALSE,,FLAG_FOR_REMOVAL,"Crawled 10 pages - no ABA, autism, or pediatric therapy found"
Creative Friends Therapy LLC,(786) 340-8632,Pembroke Pines,FL,https://instagram.com/creative_friends_therapy,TRUE,10,FALSE,,FALSE,,FALSE,FALSE,FALSE,,FLAG_FOR_REMOVAL,"Crawled 10 pages - no ABA, autism, or pediatric therapy found"
Joyful Music Therapy,(407) 489-1783,Orlando,FL,http://www.joyfulmusictherapy.com/,TRUE,1,FALSE,,FALSE,,FALSE,FALSE,FALSE,,FLAG_FOR_REMOVAL,"Crawled 1 pages - no ABA, autism, or pediatric therapy found"
Breakthrough Trauma Therapy,(561) 247-5550,Port St. Lucie,FL,http://www.breakthroughtraumatherapy.com/,TRUE,3,FALSE,,FALSE,,FALSE,FALSE,FALSE,,FLAG_FOR_REMOVAL,"Crawled 3 pages - no ABA, autism, or pediatric therapy found"
"Katherine Schulz, OT",(239) 334-7000,Fort Myers,FL,http://www.osswf.com/,TRUE,3,FALSE,,FALSE,,FALSE,FALSE,FALSE,,FLAG_FOR_REMOVAL,"Crawled 3 pages - no ABA, autism, or pediatric therapy found"
Holy Cross Rehabilitation- Pediatric Therapy,(954) 542-2840,Oakland Park,FL,http://www.holy-cross.com/PedsTherapy,TRUE,4,FALSE,,FALSE,,FALSE,FALSE,FALSE,,FLAG_FOR_REMOVAL,"Crawled 4 pages - no ABA, autism, or pediatric therapy found"
Present Mind LLC,(239) 610-1552,Fort Myers,FL,http://presentmindllc.com/,TRUE,2,FALSE,,FALSE,,FALSE,FALSE,FALSE,,FLAG_FOR_REMOVAL,"Crawled 2 pages - no ABA, autism, or pediatric therapy found"
Legacy Behavioral Health Center - Port St. Lucie,(772) 873-8811,Port St. Lucie,FL,https://legacybhc.com/,TRUE,4,FALSE,,FALSE,,FALSE,FALSE,FALSE,,FLAG_FOR_REMOVAL,"Crawled 4 pages - no ABA, autism, or pediatric therapy found"
"Southwest Florida Sports Counseling, LLC",(941) 677-8002,Cape Coral,FL,https://swfltherapy.com/,TRUE,4,FALSE,,FALSE,,FALSE,FALSE,FALSE,,FLAG_FOR_REMOVAL,"Crawled 4 pages - no ABA, autism, or pediatric therapy found"
All Family Behavioral Health,(352) 600-8822,Brooksville,FL,http://www.allfamilybehavioralhealth.com/,TRUE,1,FALSE,,FALSE,,FALSE,FALSE,FALSE,,FLAG_FOR_REMOVAL,"Crawled 1 pages - no ABA, autism, or pediatric therapy found"
A Better Tomorrow Counseling,(772) 353-2485,Port St. Lucie,FL,https://www.abettertomorrowcounseling.net/,TRUE,3,FALSE,,FALSE,,FALSE,FALSE,FALSE,,FLAG_FOR_REMOVAL,"Crawled 3 pages - no ABA, autism, or pediatric therapy found"
Comprehensive Assessment Center,(305) 779-8565,Miami Lakes,FL,http://comprehensive-assessment.com/,TRUE,1,FALSE,,FALSE,,FALSE,FALSE,FALSE,,FLAG_FOR_REMOVAL,"Crawled 1 pages - no ABA, autism, or pediatric therapy found"
"USF Health Department of Pediatrics, Early Steps Program",(813) 821-8700,Lakeland,FL,https://health.usf.edu/care?utm_source=google&utm_medium=organic&utm_campaign=maps,TRUE,2,FALSE,,FALSE,,FALSE,FALSE,FALSE,,FLAG_FOR_REMOVAL,"Crawled 2 pages - no ABA, autism, or pediatric therapy found"
Cornerstone Special Education Alliance,(904) 570-9776,Jacksonville,FL,http://www.cornerstonesea.com/home,TRUE,4,FALSE,,FALSE,,FALSE,FALSE,FALSE,,FLAG_FOR_REMOVAL,"Crawled 4 pages - no ABA, autism, or pediatric therapy found"
"KINTI COUNSELING, LLC",(813) 714-7944,Lakeland,FL,https://daniela-suarez-ms.clientsecure.me/,TRUE,1,FALSE,,FALSE,,FALSE,FALSE,FALSE,,FLAG_FOR_REMOVAL,"Crawled 1 pages - no ABA, autism, or pediatric therapy found"
Papillon Health and Wellness Psychotherapy,(863) 697-6228,Port St. Lucie,FL,https://papillonhealthandwellness.com/,TRUE,1,FALSE,,FALSE,,FALSE,FALSE,FALSE,,FLAG_FOR_REMOVAL,"Crawled 1 pages - no ABA, autism, or pediatric therapy found"
FDLRS/Island Coast,(239) 337-8363,Fort Myers,FL,https://islandcoast.fdlrs.org/,TRUE,2,FALSE,,FALSE,,FALSE,FALSE,FALSE,,FLAG_FOR_REMOVAL,"Crawled 2 pages - no ABA, autism, or pediatric therapy found"
An Awakened Heart,(727) 692-7364,Tampa,FL,http://www.therapiststampa.com/,TRUE,2,FALSE,,FALSE,,FALSE,FALSE,FALSE,,FLAG_FOR_REMOVAL,"Crawled 2 pages - no ABA, autism, or pediatric therapy found"
Atala Counseling,(863) 450-3626,Lakeland,FL,https://atalacounseling.com/,TRUE,3,FALSE,,FALSE,,FALSE,FALSE,FALSE,,FLAG_FOR_REMOVAL,"Crawled 3 pages - no ABA, autism, or pediatric therapy found"
The Able Trust,(850) 224-4493,Tallahassee,FL,http://www.abletrust.org/,TRUE,3,FALSE,,FALSE,,FALSE,FALSE,FALSE,,FLAG_FOR_REMOVAL,"Crawled 3 pages - no ABA, autism, or pediatric therapy found"
Speech Pathologist Tampabay,(813) 245-2050,TAMPA,FL,https://www.speechpathologytampabay.com/,TRUE,10,FALSE,,FALSE,,FALSE,FALSE,FALSE,,FLAG_FOR_REMOVAL,"Crawled 10 pages - no ABA, autism, or pediatric therapy found"
Canine Cabana,(813) 672-9663,RIVERVIEW,FL,https://caninecabana.biz/?utm_source=GoogleMyBusiness&utm_medium=organic&utm_campaign=gmb_visits,TRUE,2,FALSE,,FALSE,,FALSE,FALSE,FALSE,,FLAG_FOR_REMOVAL,"Crawled 2 pages - no ABA, autism, or pediatric therapy found"
