id,name,address1,address2,city,state,zip_code,phone,category
7098,"Hancock-Smith Pediatric & Behavioral Health, LLC",13900 Tech City Cir,null,Alachua,FL,32615,(386) 518-6006,healthcare
5832,NEW CREATION HOMES AND SERVICES,5310 Nw 234th Ave,null,Alachua,FL,32615,(352) 317-1550,healthcare
6066,UNIQUE CARING OPPORTUNITIES INC.,15604 Nw 140th St,null,Alachua,FL,32615,(352) 231-0114,healthcare
6390,ANGELIC COMPANION SERVICES,498 Palm Springs Dr,Suite,Altamonte Springs,FL,32701,(407) 747-3073,healthcare
9377,"Can Do Therapies, Inc",112 W Citrus St,null,Altamonte Springs,FL,32714,(407) 865-5642,healthcare
9505,"Dr. Daniel Komforti, PT, DPT",860 N State Rd 434,null,Altamonte Springs,FL,32714,(646) 753-3106,healthcare
8885,NDS & MORE LLC,350 Notre Dame Dr,null,Altamonte Springs,FL,32714,(252) 679-6115,healthcare
9643,Orlando Sports Medicine - Altamonte Springs,745 Orienta Ave,null,Altamonte Springs,FL,32701,(407) 332-7816,healthcare
8919,RAINBOW GROUP HOME INC,1288 Cardinal Ct,null,Altamonte Springs,FL,32714,(321) 303-6126,healthcare
9304,"The Neuro Hub, LLC.",999 Douglas Ave,null,Altamonte Springs,FL,32714,(407) 900-1818,healthcare
6085,"LEOTAUD JOAN W
BERYL'S PLACE, INC",2777 Spice Bush Loop,null,Apoka,FL,32712,(407) 429-4994,healthcare
6509,AMORE AT HOME LLC,6217 Colmar Pl,null,Apollo Beach,FL,33572,(727) 565-3018,healthcare
9351,Apollo Beach Therapy Center,6520 Richies Way,null,Apollo Beach,FL,33572,(813) 252-1608,healthcare
10349,COASTAL CARE RESIDENCE LLC,235 Apollo Beach Blvd,Suite,Apollo Beach,FL,33572,(727) 417-1723,healthcare
6234,LIGHT OF VISION CARE SERVICE LOV LLC,6207 Colmar Pl,null,Apollo Beach,FL,33572,(813) 317-0668,healthcare
8692,"PERSON TO PERSON CARE CENTER, LLC",6309 Florida Cir E,null,Apollo Beach,FL,33572,(813) 545-7779,healthcare
9401,"Talk the Talk Pediatric Therapy, LLC",300 Frandorson Cir,null,Apollo Beach,FL,33572,(813) 445-3999,healthcare
8463,A LOVING PLACE LLC,3871 Yothers Rd,null,Apopka,FL,32712,(321) 217-5746,healthcare
6048,BLESSING HEART GROUP HOME LLC,8 E Summit St,null,Apopka,FL,32712,(407) 970-7592,healthcare
6112,HELPING HANDS OF HANES CITY INC,1148 Foxforrest Cir,null,Apopka,FL,32712,(646) 353-0485,healthcare
9394,"SpeechBuilders, LLC",235 E 5th St,null,Apopka,FL,32703,407-703-2711,healthcare
8921,"SUNSHINE CARE SUPPORT SERVICES, INC",3669 Pelock Dr,null,Apopka,FL,32703,(321) 594-9656,healthcare
6080,SUPERPOWER INDEPENDENT LIVING INC,346 Willet Ave,null,Apopka,FL,32703,(407) 308-8617,healthcare
6127,"TEQUESTA DUKES
DEVOTED HOME CARE AND SUPPORT SERVICES",1132 Osprey Way,null,Apopka,FL,32712,(407) 692-5471,healthcare
6282,ASSOCIATION FOR RETARDED CITIZENS,4173 Ne Hwy 17,null,Arcadia,FL,34266,(863) 494-2328,healthcare
9358,Bloom Behavioral Solutions,997 Atlantic Blvd,null,Atlantic Beach,FL,32233,(904) 647-1849,healthcare
8738,DESIRABLE MEASURES LLC,1185 Mattie Pointe Blvd,null,Auburndale,FL,33823,(863) 617-3689,healthcare
6281,"RIDGE AREA ARC, INC.",4352 Independence St,null,Avon Park,FL,33825,(863) 452-1295,healthcare
10161,Horizons Pediatric Center PPEC - B2,215 Imperial Blvd,Suite,B2,FL,33803,(863) 937-3934,healthcare
9075,ENDLESS ABILITIES FOR CHILDREN WITH DISABILITIES,190 S Lb Brown Ave,null,Bartow,FL,33830,(863) 205-1624,healthcare
6056,"JONATHAN TUMAN, DDS,PA",1111 Kane Concourse,Suite,Bay Harbor Islands,FL,33154,(305) 865-7166,healthcare
6331,LOVES RESTORATION CENTER LLC,33 W Ave A,null,Belle Glade,FL,33430,(000) 000-0000,healthcare
6456,"THE ARC OF THE GLADES, INC.",4250 N.w. 16th St,null,Belle Glade,FL,33430,(561) 996-9583,healthcare
8928,THIS IS YOUR HOME SERVICES LLC,2581 W Apricot Dr,null,Beverly Hills,FL,34465,(352) 257-3079,healthcare
8786,A & K CARE TRANSPORTATION INC,3200 N Federal Hwy,Suite,Boca Raton,FL,33431,(954) 635-5156,healthcare
6088,ANGEL LIGHT CARE AND TRANSPORTATION,9275 Sw 1st Pl,null,Boca Raton,FL,33428,(561) 403-8660,healthcare
7177,AnneRose Therapy & Health Services LLC,7000 W Palmetto Park Rd,null,Boca Raton,FL,33433,(561) 409-4490,healthcare
9182,Blossom Speech & Language Therapy- Boca Raton,8177 Glades Rd,null,Boca Raton,FL,33434,(561) 270-4433,healthcare
9380,Expressions 4 Kids,7601 N Federal Hwy,Suite,Boca Raton,FL,33487,(561) 571-5287,healthcare
10167,"F.I.T. PT, Florida In-Home Therapy",950 Peninsula Corp Cir,null,Boca Raton,FL,33487,(561) 501-1983,healthcare
9652,FUNctional Pediatric Therapy,3301 Nw 2nd Ave,null,Boca Raton,FL,33431,(561) 206-4166,healthcare
9007,GLOBEX COMMUNITY DEVELOPMENT CENTER,10362 Buena Ventura Dr,null,Boca Raton,FL,33498,(561) 313-7113,healthcare
6401,"HABILITATION CENTER FOR THE HANDICAPPED, INC.",22313 Boca Rio Rd,null,Boca Raton,FL,33433,(561) 808-9571,healthcare
5886,JEWISH ASSN. FOR RESIDENTIAL CARE,21160 95th Ave South,null,Boca Raton,FL,33428,(561) 558-2550,healthcare
6174,"LUCIENNE HOME CARE, INC
NA",3200 N Federal Hwy,Suite,Boca Raton,FL,33431,(954) 635-5156,healthcare
9305,Pathways to Progress Therapy Services,398 Camino Gardens Blvd,null,Boca Raton,FL,33432,(561) 523-3211,healthcare
9200,"Pediatric Sunshine Therapy, LLC",9181 Glades Rd,null,Boca Raton,FL,33434,(954) 608-0073,healthcare
10003,Progressive Pediatric Therapy - Boca Office,7000 W Palmetto Park Rd,null,Boca Raton,FL,33433,(561) 376-2573,healthcare
9243,Provita Speech Therapy Boca Raton,9250 Glades Rd,null,Boca Raton,FL,33434,(954) 666-2942,healthcare
9315,"Sunshine Therapy Partners, PLLC",7284 W Palmetto Park Rd,Suite,Boca Raton,FL,33433,(305) 336-5381,healthcare
9347,The Pediatric Feeding Institute of South Florida,7301 W Palmetto Park Rd,Suite,Boca Raton,FL,33433,(561) 571-7557,healthcare
6404,"TRI-COUNTY HOMECARE OF FLORIDA, INC",1 W Camino Real,Suite,Boca Raton,FL,33432,(561) 922-9178,healthcare
6132,"TUTTS PLACE, INC.",23435 Radient Ct,null,Boca Raton,FL,33428,(561) 910-0716,healthcare
9755,Pelletier Rickert Physical Therapy - Bokeelia,5990 Mackerel Rd,null,Bokeelia,FL,33922,(239) 283-1716,healthcare
6015,TRI COUNTY COMM COUN INC,302 North Oklahoma St,null,Bonifay,FL,32425,(850) 547-3689,healthcare
6358,ABLE TO DREAM INC,1375 Gateway Blvd,Suite,Boynton Beach,FL,33426,(305) 890-2449,healthcare
9009,ADDERLY JR JAMIE E,7449 Palmdale Dr,null,Boynton Beach,FL,33436,(561) 294-3234,healthcare
8329,Children's Services Council of Palm Beach County,2300 High Ridge Rd,null,Boynton Beach,FL,33426,(561) 740-7000,healthcare
9658,Elite Therapy Institute,8190 Jog Rd,Suite,Boynton Beach,FL,33472,(561) 731-5999,healthcare
10169,Florida Movement Therapy Centers,12040 S Jog Rd,Suite,Boynton Beach,FL,33437,(561) 733-5083,healthcare
7158,Measuring Minds,1375 Gateway Blvd,null,Boynton Beach,FL,33426,(561) 291-8898,healthcare
9003,MEHONACARE LLC,2405 Quantum Blvd,null,Boynton Beach,FL,33426,(561) 215-3468,healthcare
9328,Project Speech,8198 Jog Rd,null,Boynton Beach,FL,33472,(561) 631-7723,healthcare
8336,Reflections Creative Therapies Group,8198 Jog Rd,Suite,Boynton Beach,FL,33472,(561) 810-6631,healthcare
9221,Speech Language & More - Boynton Beach,9819 S Military Trl,Suite,Boynton Beach,FL,33436,(561) 200-4343,healthcare
6026,"THE VINGLO HOUSE, LLC",1862 Finn Hill Dr,null,Boynton Beach,FL,33426,(954) 727-6921,healthcare
9379,Therapeutic Treehouse,7410 Boynton Beach Blvd B-1,null,Boynton Beach,FL,33437,(561) 223-1650,healthcare
8753,AROUND THE WAY LLC,14615 Westbrook Cir,Suite,Bradenton,FL,34211,(941) 545-4924,healthcare
6307,ASPIRING ABILITIES LLC,1904 Roslyn Ave,null,Bradenton,FL,34207,(941) 730-7022,healthcare
8761,B-WORLD QUALITY CARE CORP.,216 12th Ave W,null,Bradenton,FL,34205,(941) 201-5354,healthcare
9799,"Children's Therapy Associates, Inc.",3911 Golf Park Loop,Suite,Bradenton,FL,34203,(941) 756-1003,healthcare
6300,"EMPOWERED ABILITIES HEALTHCARE SOLUTIONS, LLC",2606 11th Ave W,null,Bradenton,FL,34205,(941) 264-9975,healthcare
8768,MANATEE ASSISTED LIVING FACILIY,2524 9th Ave East,null,Bradenton,FL,34208,(941) 749-5250,healthcare
6308,SIDE BY SIDE WORKING TOGETHER,6146 42nd St Cir E,null,Bradenton,FL,34203,(941) 749-5486,healthcare
6025,"WESTSIDE GROUP HOME, INC",2602 43rd St West,null,Bradenton,FL,34209,(941) 794-5759,healthcare
8669,"AVA CARES, LLC
AVA CARES GROUP HOME",713 Pearl Cir,null,Brandon,FL,33510,(813) 300-6177,healthcare
5811,"BAY AREA DIRECT CLIENT CARE LLC
DESHAE MARTIN",110 Lithia Pinecrest Rd,Suite,Brandon,FL,33511,(813) 679-5122,healthcare
6253,"BRANDON SPORTS AND AQUATICS CENTER, INC.
HIGH 5, INC.",405 Beverly Blvd,null,Brandon,FL,33511,(813) 689-0908,healthcare
8696,CELESTAL CARE LLC,1307 Mohrlake Dr,null,Brandon,FL,33511,(813) 585-5845,healthcare
10071,HealthPro Pediatrics Brandon,602 Vonderburg Dr,Suite,Brandon,FL,33511,(813) 653-1149,healthcare
6254,"IMPACT'S TRANSITIONAL LIFE-SKILL CENTER, INC.",909 Bryan Rd,null,Brandon,FL,33511,(813) 693-5101,healthcare
6237,"K2 ESCAPE, INC.",516 Corner Dr,null,Brandon,FL,33511,(813) 440-7815,healthcare
6099,"LIFELONG LEARNERS ACADEMY LLC
YOLANDE S. COLLMAN",2724 Conch Hollow Dr,null,Brandon,FL,33511,(201) 478-1688,healthcare
8695,"NEW HORIZONS GROUP HOMES, INC.
NEW HORIZONS GROUP HOME",109 E Clay Ave,null,Brandon,FL,33510,(813) 571-2690,healthcare
10413,"Occupational Therapy at Johns Hopkins All Children's Outpatient Care, Brandon",885 S Parsons Ave,null,Brandon,FL,33511,(727) 767-7272,healthcare
6467,PARAGON CARE INC,807 Hillside Ter,null,Brandon,FL,33511,(813) 956-8270,healthcare
10072,Pediatric Therapy Services - Brandon,206 Ridgewood Ave,null,Brandon,FL,33510,(813) 662-1060,healthcare
6176,"RNJ HOME HEALTH SERVICES, INC",47 Camelot Ridge Dr,null,Brandon,FL,33511,(813) 508-5474,healthcare
10209,Skill Point Therapy - Brandon,1463 Oakfield Dr,null,Brandon,FL,33511,(813) 491-8300,healthcare
8681,THE JOHNSON HOUSE INC,1225 Alpine Lake Dr,null,Brandon,FL,33511,(813) 404-3044,healthcare
8933,LEVY CNTY BOARD OF CNTY COMMISSIONE,970 E Hathaway Ave,null,Bronson,FL,32621,(352) 486-3485,healthcare
6385,"WILSON SHERI L
HOME ACCESSIBILITY CONSULTING LLC",11470 Ne 81st St,null,Bronson,FL,32621,(407) 417-6031,healthcare
6142,"ABA Kids Connection, Inc - Brooksville",310 Ponce De Leon Blvd,null,Brooksville,FL,34601,(352) 737-1183,healthcare
10033,PT Solutions of Brooksville,20195 Cortez Blvd,null,Brooksville,FL,34601,(352) 754-4500,healthcare
8091,Select Physical Therapy - Weeki Wachee,6479 Oregon Jay Rd,null,Brooksville,FL,34613,(352) 596-8760,healthcare
9397,Superior Therapy Services Inc,20158 Cortez Blvd,null,Brooksville,FL,34601,(352) 796-0069,healthcare
9477,Westshore Physical Therapy aka. Ewing and Thomas,11329 Cortez Blvd,null,Brooksville,FL,34613,(352) 340-5935,healthcare
10032,PT Solutions of Bushnell,413 N West St,null,Bushnell,FL,33513,(352) 569-0004,healthcare
6949,Cocoa Beach Child Psychology,166 Center St,null,Cape Canaveral,FL,32920,(321) 282-1475,healthcare
9774,"Active Med Pros - Dr Justin Dempsey, DC",1413 Viscaya Pkwy,null,Cape Coral,FL,33990,(239) 458-5747,healthcare
8565,ActiveLife Family Chiropractic,1712 Cape Coral Pkwy E,null,Cape Coral,FL,33904,(239) 540-5433,healthcare
10008,Advanced Physical Therapy & Rehabilitation,1402 Se 16th Pl,null,Cape Coral,FL,33990,(239) 772-2363,healthcare
6053,"ADVANTAGE SERVICES GROUP, INC",17 Ne 8 Pl,null,Cape Coral,FL,33909,(305) 519-4313,healthcare
9756,Allied Physical Therapy Wellness Community - 1469 Sw 4th Ter,1469 Sw 4th Ter,null,Cape Coral,FL,33991,(239) 242-0070,healthcare
9445,Apex Physical Therapy - Cape Coral,900 Sw Pine Island Rd,null,Cape Coral,FL,33991,(239) 573-8658,healthcare
8575,Athletic Recovery Services,307 Sw 7th Pl,null,Cape Coral,FL,33991,(239) 424-5111,healthcare
6345,"C&L,A SUPPORT SERVICE INC.",1411 Se 47th St,Suite,Cape Coral,FL,33904,(239) 541-9440,healthcare
9712,Car Accident Doctor Cape Coral Alpha Medicine & Rehab,3208 Chiquita Blvd S,null,Cape Coral,FL,33914,(877) 219-2088,healthcare
6102,"CARING FAMILY GROUP HOME, LLC",1417 Ne 6th Pl,null,Cape Coral,FL,33909,(239) 233-2171,healthcare
10404,Centro Medico LLC,1425 Viscaya Pkwy,null,Cape Coral,FL,33990,(239) 257-1167,healthcare
8525,Chippendale Audiology,1224 Del Prado Blvd S C,null,Cape Coral,FL,33990,(239) 230-3799,healthcare
6346,CITY OF CAPE CORAL,400 Santa Barbara Blvd,null,Cape Coral,FL,33991,(239) 574-0574,healthcare
9980,CORA Physical Therapy Cape Coral,80 Hancock Bridge Pkwy G22,null,Cape Coral,FL,33991,(239) 214-8760,healthcare
8526,Del Prado Medical Center,2500 Del Prado Blvd S,null,Cape Coral,FL,33904,(239) 772-1194,healthcare
6794,Dove Behavioral Health LLC,514 Ne 16th Pl,null,Cape Coral,FL,33909,(239) 445-3683,healthcare
6791,"Dr. Jennifer Brandon, Chiropractor",618 Sw 3rd St,null,Cape Coral,FL,33991,(239) 329-8987,healthcare
9788,Dr. Patrick Bartholomew: Family Foot & Leg Center - Cape Coral,530 Se 16th Pl A,null,Cape Coral,FL,33990,(239) 430-3668,healthcare
8894,"ELSYOFF CARE CENTER LLC
ELSYOFF CARE CENTER",1727 Nw 19th Ter,null,Cape Coral,FL,33993,(239) 312-8316,healthcare
10311,Encompass Health Rehabilitation Hospital of Cape Coral - 1730 Ne Pine Island Rd,1730 Ne Pine Island Rd,null,Cape Coral,FL,33909,(239) 599-3600,healthcare
8591,Experience Health & Wellness Center,2307 Sandoval Blvd,null,Cape Coral,FL,33991,(239) 205-3700,healthcare
5783,Foot and Ankle Center,1722 Del Prado Blvd S,null,Cape Coral,FL,33990,(239) 573-9200,healthcare
7036,Forge Wellness,811 Sw 44th St,Suite,Cape Coral,FL,33914,(781) 413-7169,healthcare
10393,"FOUR CENTERS FOR WELLNESS, INC",1306 Se 46th Ln,Suite,Cape Coral,FL,33904,(239) 910-8615,healthcare
8455,Golden Phoenix Mental Health | Cape Coral,2328 Hancock Bridge Pkwy,null,Cape Coral,FL,33990,(786) 353-2324,healthcare
6405,GRACE IN MOTION LLC,2534 Ne 20th Pl,null,Cape Coral,FL,33909,(646) 474-4776,healthcare
9757,Integrated Therapy Practice - Cape Coral,2002 Del Prado Blvd S,Suite,Cape Coral,FL,33990,(239) 257-1431,healthcare
7952,Island Coast Pediatrics,632 Del Prado Blvd N,null,Cape Coral,FL,33909,(239) 768-2111,healthcare
9446,Jaffe Sports Medicine,455 Del Prado Blvd S,null,Cape Coral,FL,33990,(239) 703-7096,healthcare
8605,Mama's Chiropractic Cape Coral a PalmerCare Clinic,3108 Del Prado Blvd S,null,Cape Coral,FL,33904,(239) 688-2371,healthcare
9798,Millennium Physician Group - Cape Coral Physical Therapy,1528 Del Prado Blvd S,null,Cape Coral,FL,33990,(239) 242-6716,healthcare
10359,Multi-Care Medical - Cape Coral,1425 Viscaya Pkwy,null,Cape Coral,FL,33990,(239) 842-9560,healthcare
10324,Navigate Home Health Care,1222 Se 47th St,Suite,Cape Coral,FL,33904,(239) 939-0636,healthcare
10333,NEXT LEVEL SUPPORTS LLC,405 Se 6th Ter,null,Cape Coral,FL,33990,(239) 451-3211,healthcare
6790,Pediatric Dentistry of Cape Coral,1508 Se 12th Ter,null,Cape Coral,FL,33990,(239) 322-5222,healthcare
9447,Pelletier Rickert Physical Therapy - Cape Coral,1240 Se 8th Ter,null,Cape Coral,FL,33990,(239) 772-3335,healthcare
9889,Physical Therapy Now Cape Coral,706 Sw Pine Island Rd,Suite,Cape Coral,FL,33991,(239) 424-9904,healthcare
6818,"Prestige Behavioral Center, LLC.",303 Ne 3rd Ave,null,Cape Coral,FL,33909,(239) 789-0041,healthcare
8608,"RELIABLE TRANSPORTATION OF SW FL, LLC",313 Se 8th St,null,Cape Coral,FL,33990,(239) 677-5738,healthcare
8515,Select Physical Therapy - Cape Coral,2328 Hancock Bridge Pkwy,null,Cape Coral,FL,33990,(239) 574-7557,healthcare
7942,Select Physical Therapy - Cay West,1715 Cape Coral Pkwy W,null,Cape Coral,FL,33914,(239) 542-0900,healthcare
6311,"SOUTHERN SUPPORTS AGENCY, INC",13 Sw 14th Ave,null,Cape Coral,FL,33991,(954) 288-8449,healthcare
9749,Specific Care Chiropractic - Cape Coral,461 Del Prado Blvd S,Suite,Cape Coral,FL,33990,(239) 369-9109,healthcare
6191,"SUNRISE COMMUNITY OF SOUTHWEST FLORIDA, INC.",810 Se 10th Ct,null,Cape Coral,FL,33990,(305) 596-9040,healthcare
6792,The Traveling Therapist LLC,303 Ne 3rd Ave,null,Cape Coral,FL,33909,(239) 354-7187,healthcare
6819,Vibrant Health & Wellness,1216 Sw 4th St,null,Cape Coral,FL,33991,(239) 789-6959,healthcare
8524,"Vitality Kids Counseling Group, Inc",229 Del Prado Blvd N,null,Cape Coral,FL,33909,(239) 205-6042,healthcare
6793,WellWay - Cape Coral,609 Se 13th Ct,null,Cape Coral,FL,33990,(239) 360-7492,healthcare
6128,"KATHLEEN ANDERSON COMPREHENSIVE WORK CENTER, INC
INSPIRE OF CENTRAL FLORIDA",1095 Belle Ave 1095 Belle Ave,null,Casselberry,FL,32708,(407) 699-4419,healthcare
9378,"Simple Speech Therapy, LLC",8390 Champions Gate Blvd,null,Championsgate,FL,33896,(407) 900-4474,healthcare
8934,"THE ARC OF LEVY COUNTY, INC.",7550 149 Pl,null,Chiefland,FL,32626,(352) 493-1609,healthcare
10368,ARC OF WASHINGTON-HOLMES,1335 South Blvd,null,Chipley,FL,32428,(850) 638-7517,healthcare
6373,FERNANDEZ LIFE CARE SERVICE,7211 Ne 194th St,null,Citra,FL,32113,(352) 299-1434,healthcare
9511,Advanced Medical of Florida,1528 Lakeview Rd,null,Clearwater,FL,33756,(727) 408-5222,healthcare
6260,"AMCAF GROUP HOME, LLC",2015 N Keene Rd,null,Clearwater,FL,33755,(813) 810-8524,healthcare
6442,AMER HOME CARE INC.,1918 Barrington Dr,null,Clearwater,FL,33763,(813) 446-3619,healthcare
6419,"ANGEL CHILD HOME CARE CORP, INC.
ANGEL CHILD HOME CARE",1641 Sunset Point Rd,null,Clearwater,FL,33755,(727) 614-9268,healthcare
10267,Barrett Outpatient Rehabilitation & Sports Medicine Center,430 Morton Plant St,Suite,Clearwater,FL,33756,(727) 462-7052,healthcare
8536,Bay Area Neuromuscular Therapy,1478 Jordan Hills Ct,null,Clearwater,FL,33756,(727) 461-3896,healthcare
8396,Bayside Physical Therapy,1001 S Ft Harrison Ave,null,Clearwater,FL,33756,(727) 441-5044,healthcare
8394,Baywest Chiropractic,1446 Ct St,null,Clearwater,FL,33756,(727) 441-2915,healthcare
10180,Belleair Health Care Center,1150 Ponce De Leon Blvd,null,Clearwater,FL,33756,(727) 585-5491,healthcare
9508,Blue Wave Pediatrics,1822 Drew St,null,Clearwater,FL,33765,(727) 303-3117,healthcare
9155,BRIGHT FUTURE STAR LLC,1890 Oak Park Dr S,null,Clearwater,FL,33764,(727) 656-8725,healthcare
8577,Catalyst Physical Therapy - Clearwater,1206 Ct St,null,Clearwater,FL,33756,(727) 286-8408,healthcare
9675,Champion Wellness Centers - Clearwater,3023 Eastland Blvd,null,Clearwater,FL,33761,(727) 797-9900,healthcare
9668,Clearwater Spine & Rehabilitation,2150 Cleveland St,null,Clearwater,FL,33765,(727) 447-4255,healthcare
8378,Coastal Neuropsychology,3000 Gulf To Bay Blvd,null,Clearwater,FL,33759,(727) 265-3494,healthcare
9940,CORA Physical Therapy Clearwater,1944 N Hercules Ave C,null,Clearwater,FL,33763,(727) 797-8100,healthcare
6507,"DNVO, INC",1308 Viewtop Dr,null,Clearwater,FL,33764,(727) 507-9494,healthcare
6139,FANTA VILLA CARE SERVICES LLC,19135 Us Hwy 19 N,Suite,Clearwater,FL,33764,(727) 815-5499,healthcare
9669,Florida Physio - Clearwater,3700 Ulmerton Rd,null,Clearwater,FL,33762,(727) 490-8262,healthcare
9673,Foundation Physical Therapy-Pelvic Floor and Orthopedics,29605 Us Hwy 19 N,Suite,Clearwater,FL,33761,(727) 784-6088,healthcare
9512,Free Motion Physical Therapy Inc.,305 N Fort Harrison Ave,null,Clearwater,FL,33755,(727) 888-1460,healthcare
8429,Frontier Physical Medicine,2461 Enterprise Rd C,null,Clearwater,FL,33763,(727) 777-6615,healthcare
9791,Impact Health and Performance - Clearwater,28384 Us Hwy 19 N,Suite,Clearwater,FL,33761,(727) 785-8737,healthcare
8374,"Katie Merricks Counseling, LLC, PHD",1831 N Belcher Rd,Suite,Clearwater,FL,33765,(727) 228-2388,healthcare
6201,"LOGISTIQUE, LLC",10300 49th St N,Suite,Clearwater,FL,33762,(727) 370-4168,healthcare
8644,MM DEDICATED CARE INC.,1955 E Skyline Dr,null,Clearwater,FL,33763,(727) 366-8481,healthcare
9663,MOTION RX Physical Therapy - St Pete,13555 Automobile Blvd,null,Clearwater,FL,33762,(727) 826-7142,healthcare
9054,NEED A HAND? CALL ANN,4300 E Bay Dr Lot 106,null,Clearwater,FL,33764,(727) 953-0432,healthcare
9936,Optimal Performance & Physical Therapies,612 Druid Rd,Suite,Clearwater,FL,33756,(727) 475-5543,healthcare
9937,Optimal Performance and Physical Therapies Bayside,73 N Park Pl Blvd,null,Clearwater,FL,33759,(727) 475-6018,healthcare
8537,Orthopaedic Associates Of West Florida,430 Morton Plant St,null,Clearwater,FL,33756,(727) 461-6026,healthcare
10409,Orthopedic Associates of West Florida Countryside,2414 Enterprise Rd,null,Clearwater,FL,33763,(727) 461-6026,healthcare
9667,Premier Physical Therapy & Sports Performance - 1661 Rainbow Dr,1661 Rainbow Dr,null,Clearwater,FL,33755,(727) 442-7500,healthcare
9672,PT Hustle,600 Cleveland St,null,Clearwater,FL,33755,(727) 732-4573,healthcare
10172,PT Solutions of Clearwater,26224 Us Hwy 19 N,null,Clearwater,FL,33761,(727) 221-7363,healthcare
7237,Rift Fitness,1280 Ct St,null,Clearwater,FL,33756,(727) 201-2352,healthcare
5810,"S&A BEAU2FUL BLESSINGS GROUP HOME, LLC",200 S Arcturas Ave,null,Clearwater,FL,33765,(813) 519-7804,healthcare
8825,"SAFE HAVEN, LLC",912 Drew St,null,Clearwater,FL,33755,(305) 741-1150,healthcare
8395,Select Physical Therapy - Clearwater,922 S Missouri Ave,null,Clearwater,FL,33756,(727) 441-4549,healthcare
8425,Select Physical Therapy - Clearwater East,2790 Gulf To Bay Blvd,Suite,Clearwater,FL,33759,(727) 726-9293,healthcare
10366,SKYCREST PLACE LLC,1960 Cleveland St,null,Clearwater,FL,33765,(727) 385-8397,healthcare
10213,"Spark Pediatrics Medical Daycare (PPEC) - Clearwater, FL",5291 110th Ave N,null,Clearwater,FL,33760,(813) 798-2809,healthcare
8405,Spreading Your Wings,2454 Mcmullen Booth Rd,Suite,Clearwater,FL,33759,(727) 477-0864,healthcare
6207,TAMPA BAY GROUP HOMES INC,1897 Princeton Dr,null,Clearwater,FL,33765,(727) 451-0242,healthcare
6338,"THE ARC TAMPA BAY, INC.",1501 N Belcher Rd,Suite,Clearwater,FL,33765,(727) 799-3330,healthcare
8426,Thrive Child Psychology,1465 S Ft Harrison Ave,null,Clearwater,FL,33756,(727) 746-5812,healthcare
9671,Total Vitality Medical Group,26750 Us Hwy 19 N,null,Clearwater,FL,33761,(727) 726-1460,healthcare
8610,TOUCHING LIVES OF TAMPA BAY LLC,1496 Pinebrook Dr,null,Clearwater,FL,33755,(276) 393-9206,healthcare
9513,Trust Physical Therapy,29251 Us Hwy 19 N,null,Clearwater,FL,33761,(727) 953-3031,healthcare
6367,"UNIVERSAL LIFE CARE ADVOCATES,INC",13575 58th St N,null,Clearwater,FL,33760,(352) 427-3905,healthcare
9118,UPSIDE LIVING,2119 Little Brook Ln,null,Clearwater,FL,33763,(727) 492-2237,healthcare
8929,VENUS E&E LLC,1490 Southridge Dr,null,Clearwater,FL,33756,(727) 251-3912,healthcare
9638,Viapure Wellness Clearwater,1130 Cleveland St,Suite,Clearwater,FL,33755,(386) 931-2836,healthcare
6449,YARD 58 LLC,119 Belleair Pl,Suite,Clearwater,FL,33756,(727) 564-6494,healthcare
9127,YASMINA INC.,2030 Harding St,null,Clearwater,FL,33765,(727) 686-3567,healthcare
6486,"CARING HEARTS AT WORK LLC
CARING HEARTS AT WORK",10917 Smokey Ridge Ct,null,Clermont,FL,34711,(561) 512-1621,healthcare
9211,Clermont Speech and Language Therapy Center,700 East Grand Hwy,null,Clermont,FL,34711,(352) 432-3960,healthcare
10137,Mobility Rehabilitation & Home Healthcare,627 8th St,null,Clermont,FL,34711,(352) 243-4422,healthcare
9112,"SUPREME SENIOR LIVING
AMOY'S CARE & TRANSPORTATION SERVICES",502 Southridge Rd,null,Clermont,FL,34711,(407) 929-7247,healthcare
6972,Brevard Christian Early Intervention Center - 5500 N Cocoa Blvd,5500 N Cocoa Blvd,null,Cocoa,FL,32927,(321) 349-0343,healthcare
6061,"BREVARD CO. BOARD CO. COMMISSIONERS
SPACE COAST AREA TRANSIT",401 S Varr Ave 401 S Varr Ave,null,Cocoa,FL,32922,(321) 635-7815,healthcare
5965,"DR. KRISTA GREENFIELD, PSYD",1980 N. Atlantic Ave,null,Cocoa Beach,FL,32931,(321) 345-9809,healthcare
9598,Back In Action - Coconut Creek,3720 Coconut Creek Pkwy A,null,Coconut Creek,FL,33066,(954) 833-1422,healthcare
9498,Bolduc Physical/Aquatic Therapy & Sports Medicine,5450 W Hillsboro Blvd,null,Coconut Creek,FL,33073,(561) 752-3820,healthcare
6876,Coconut Creek Therapy - 1315 Lyons Rd,1315 Lyons Rd,null,Coconut Creek,FL,33063,(954) 972-1200,healthcare
6395,"ENHANCED LIVING CONSULTANTS, INC
E 7 B ALF, INC",4040 Edgewood Dr,null,Coconut Creek,FL,33066,(412) 889-0923,healthcare
9830,Just for Kidz Therapy - 4903 Nw 55th Blvd,4903 Nw 55th Blvd,null,Coconut Creek,FL,33073,(561) 288-0512,healthcare
8439,Posture Police,4400 W Sample Rd,null,Coconut Creek,FL,33066,(754) 799-8559,healthcare
6313,"SCHOTT MEMORIAL CENTER, INC.",6591 S Flamingo Rd,null,Cooper City,FL,33330,(954) 434-3306,healthcare
6315,"SPECTRUM LIFE CARE SERVICES, INC.",12260 Sw 53rd St,Suite,Cooper City,FL,33330,(954) 499-5794,healthcare
6437,THREE HEARTS ADT LLC,12399 Sw 53rd St,Suite,Cooper City,FL,33330,(786) 271-2265,healthcare
9688,Baptist Health Physical Therapy & Rehabilitation | Coral Gables,1222 S Dixie Hwy,null,Coral Gables,FL,33146,(786) 308-2000,healthcare
9335,Children In Motion,1450 Madruga Ave,Suite,Coral Gables,FL,33146,(305) 668-3596,healthcare
9175,CommuniKids Miami Speech Therapy,117 Majorca Ave,Suite,Coral Gables,FL,33134,(305) 343-8177,healthcare
9614,Coral Gables Physical Therapy,4110 Aurora St,null,Coral Gables,FL,33146,(305) 441-5258,healthcare
9176,Florida Rehab Professionals,401 Coral Wy,Suite,Coral Gables,FL,33134,(305) 446-1098,healthcare
8823,JAIROS MEDICAL EQUIPMENT,1823 Ponce De Leon Blvd,null,Coral Gables,FL,33134,(305) 529-9976,healthcare
9814,Physical Therapy Now Coral Gables,2690 Coral Wy,null,Coral Gables,FL,33145,(305) 615-1628,healthcare
7995,RIVERA Performance & Recovery,1526 Ponce De Leon,null,Coral Gables,FL,33134,(305) 850-1247,healthcare
9421,Rm Physio miami,3081 Salzedo St,Suite,Coral Gables,FL,33134,(786) 587-4481,healthcare
9613,USA Sports Therapy Coral Gables,360 Granello Ave,null,Coral Gables,FL,33146,(305) 420-5682,healthcare
8459,Adora Care Injury and Wellness Center,9789 W Sample Rd,null,Coral Springs,FL,33065,(786) 998-6868,healthcare
10289,AIM Rehab Services - Physical Therapy,10426 W Atlantic Blvd,null,Coral Springs,FL,33071,(754) 702-3704,healthcare
10246,Aspen Rehabilitation,9900 W Sample Rd,null,Coral Springs,FL,33065,(954) 799-4895,healthcare
9592,Back To Mind Chiropractic - Coral Springs,2825 N University Dr,null,Coral Springs,FL,33065,(954) 620-7478,healthcare
8574,Bayview Therapy - Coral Springs,7451 Wiles Rd,null,Coral Springs,FL,33067,(954) 391-5305,healthcare
9594,Bounce Back Physical Therapy,8035 W Sample Rd,null,Coral Springs,FL,33065,(954) 688-9347,healthcare
8458,Brighter Life Psychiatry,7451 Wiles Rd,Suite,Coral Springs,FL,33067,(786) 453-7956,healthcare
8579,Caring Therapists,2929 N University Dr,null,Coral Springs,FL,33065,(954) 378-5381,healthcare
9422,Champion Chiropractic,9768 W Sample Rd,null,Coral Springs,FL,33065,(954) 228-4635,healthcare
9440,ChiroCare of Florida Injury and Wellness Centers,6269 W Sample Rd,null,Coral Springs,FL,33067,(954) 951-8009,healthcare
9738,"Coastal Wellness Centers, Inc.",10000 W Sample Rd,Suite,Coral Springs,FL,33065,(954) 752-2950,healthcare
9974,CORA Physical Therapy Coral Springs,2043 N University Dr,null,Coral Springs,FL,33071,(954) 227-3711,healthcare
9318,DACARE ABA CENTER,4641 N State Rd 7,Suite,Coral Springs,FL,33073,(954) 228-5616,healthcare
7166,Dr. Gs Urgent Care Coral Springs FL,2224 N University Dr,null,Coral Springs,FL,33071,(561) 330-9363,healthcare
10052,Extended Kids Care (PPEC),3000 Nw 101st Ln,null,Coral Springs,FL,33065,(754) 241-5305,healthcare
9731,Florida Spine & Wellness Group,5451 N University Dr,null,Coral Springs,FL,33067,(954) 466-5323,healthcare
9739,FYZICAL Therapy & Balance Center Coral Springs,2234 N University Dr,null,Coral Springs,FL,33071,(954) 779-4549,healthcare
7174,Genesis Counseling Coral Springs,3000 Nw 101st Ln,null,Coral Springs,FL,33065,(561) 408-1098,healthcare
9226,Grove Communication Therapy - 7650 Live Oak Dr,7650 Live Oak Dr,null,Coral Springs,FL,33065,(754) 444-1180,healthcare
9563,Health Rehab,1844 N University Dr,null,Coral Springs,FL,33071,(954) 255-1515,healthcare
7642,Let's Talk Psychiatry,1500 N University Dr,null,Coral Springs,FL,33071,(954) 546-3142,healthcare
9888,"Mobile Therapy Group, LLC - Coral Springs",5701 N University Dr Second,Fl,Coral Springs,FL,33067,(561) 461-5343,healthcare
9278,Nationwide Therapy Group,11555 Heron Bay Blvd,null,Coral Springs,FL,33076,(205) 588-8700,healthcare
9300,OTogether - Pediatric Occupational Therapy,2855 N University Dr,null,Coral Springs,FL,33065,(954) 408-8145,healthcare
9601,Pain Management Physicians of South Florida,8880 Royal Palm Blvd,Suite,Coral Springs,FL,33065,(954) 975-8233,healthcare
9392,Pediatric Potentials Therapy,9750 Nw 33rd St,null,Coral Springs,FL,33065,(954) 509-3776,healthcare
9679,Physical Therapy Group of Florida - Coral Springs,1310 N University Dr,null,Coral Springs,FL,33071,(754) 309-9194,healthcare
9802,Physical Therapy Now Coral Springs,5884 Wiles Rd,null,Coral Springs,FL,33067,(954) 866-2770,healthcare
10350,PIONEER NURSING SERVICES INC,7857 W Sample Rd,Suite,Coral Springs,FL,33065,(786) 567-1623,healthcare
9677,Pohlman Pain Associates,9601 W Sample Rd,null,Coral Springs,FL,33065,(754) 209-0289,healthcare
9425,Priority Medical & Rehab Centers,9660 W Sample Rd,null,Coral Springs,FL,33065,(954) 346-5750,healthcare
9207,Professional Speech Associates,7451 Wiles Rd,null,Coral Springs,FL,33067,(954) 227-8255,healthcare
9597,Ruggiero Sports Medicine & Injury Institute,3001 Coral Hills Dr,null,Coral Springs,FL,33065,(954) 753-3910,healthcare
7584,Select Physical Therapy - Coral Springs - The Walk,2804 N University Dr,null,Coral Springs,FL,33065,(954) 227-8040,healthcare
7600,Select Physical Therapy - Coral Springs Sample Road,9699 W Sample Rd,null,Coral Springs,FL,33065,(954) 344-7771,healthcare
9590,Smart Fitness,9703 W Sample Rd,null,Coral Springs,FL,33065,(954) 610-9160,healthcare
9748,Specific Care Chiropractic - Coral Springs,1700 N University Dr,null,Coral Springs,FL,33071,(239) 369-9109,healthcare
9589,The Neck and Back Pain Institute,10250 W Sample Rd,null,Coral Springs,FL,33065,(954) 575-4045,healthcare
8497,The Spine and Wellness Centers of Coral Springs,5675 Coral Ridge Dr,null,Coral Springs,FL,33076,(954) 341-2256,healthcare
10107,"Therapies 4 Kids, Inc.",1750 N University Dr,null,Coral Springs,FL,33071,(954) 356-2878,healthcare
8332,Thriveworks Counseling & Psychiatry Coral Springs,10100 W Sample Rd,null,Coral Springs,FL,33065,(561) 771-5838,healthcare
6179,CENTRAL FL CLINIC FOR REHAB.,5679 W Gulf To Lake Hwy,null,Crystal River,FL,34429,(352) 795-4114,healthcare
6197,"CONNEXT CARE
CONNEXT CARE, LLC",7449 W Gulf To Lake Hwy,Suite,Crystal River,FL,34429,(352) 544-9888,healthcare
6057,"REST ASSURED HOME CARE, LLC",10700 Caribbean Blvd,Suite,Cutler Bay,FL,33189,(305) 910-3315,healthcare
9792,"S.L.B. THERAPY, INC.",10920 Sw 184th St,null,Cutler Bay,FL,33157,(305) 378-5775,healthcare
5794,"TRINITY PHYSICAL THERAPY, INC",8824 Sw 206th Ln,null,Cutler Bay,FL,33189,(786) 285-2874,healthcare
6244,"ANGELS UNIQUE, LLC",13520 17th St,null,Dade City,FL,33525,(813) 469-1822,healthcare
6013,UNDERSTANDING BEHAVIOR FOCUS CENTER,38147 Centennial Rd,null,Dade City,FL,33525,(813) 735-8176,healthcare
6156,ADVANCED HEALTH PHYSICAL THERAPY INC,966 Nautilus Isle,null,Dania Beach,FL,33004,(954) 608-3075,healthcare
9805,CORA Physical Therapy Dania Beach,340 E Dania Beach Blvd,null,Dania Beach,FL,33004,(954) 920-5050,healthcare
9310,Florida Hand Therapy & Rehab,1249 Stirling Rd,Suite,Dania Beach,FL,33004,(954) 674-2480,healthcare
8987,ANGELS OF HOPE HOME CARE LLC,619 Rollins Dr,null,Davenport,FL,33837,(407) 692-7651,healthcare
8118,Acquiring Skills Inc,5749 S University Dr,null,Davie,FL,33328,(561) 523-2011,healthcare
9585,"Advanced Sports Physical Therapy, Inc.",5850 S Pine Island Rd,null,Davie,FL,33328,(954) 556-8633,healthcare
9583,Ageless Agility Performance and Sport Rehabilitation,4151 Sw 47th Ave,Suite,Davie,FL,33314,(954) 519-5404,healthcare
9740,Alkeme Sports Rx,5850 S Pine Island Rd,null,Davie,FL,33328,(954) 800-5826,healthcare
9429,Atlas Physical Therapy and Wellness,8715 Stirling Rd,null,Davie,FL,33328,(954) 900-3484,healthcare
10110,Big Bear Academy PPEC Broward - Medical Daycare,4701 S State Rd 7,null,Davie,FL,33314,(954) 487-1663,healthcare
7634,Broward Therapy Group,6990 Griffin Rd,null,Davie,FL,33314,(954) 526-4437,healthcare
7809,Caring Therapists of Broward,5400 S University Dr,null,Davie,FL,33328,954-378-5381,healthcare
6319,CONNECTING HEARTS IN FLORIDA INC.,6915 Stirling Rd,null,Davie,FL,33314,(954) 560-7468,healthcare
9868,CORA Physical Therapy Davie,8612 Griffin Rd,null,Davie,FL,33328,(954) 252-8900,healthcare
9728,"Fix It Physical Therapy, LLC Davie, FL",8246 Griffin Rd,null,Davie,FL,33328,(954) 368-4598,healthcare
5782,Hand & Arm Therapy Specialists,5651 Davie Rd,null,Davie,FL,33314,(954) 454-3445,healthcare
6155,"JESSICA M BOOTH MS CCC-SLP & ASSOCIATES, PA",5400 S University Dr,Suite,Davie,FL,33328,(954) 319-7609,healthcare
10114,Language Link Therapy,9508 Griffin Rd,null,Davie,FL,33328,(954) 689-0730,healthcare
8770,LEAP HEALTH CARE SOLUTIONS,4680 Caspian Way,null,Davie,FL,33314,(954) 274-6464,healthcare
9867,NeuroFit360,10062 Griffin Rd,null,Davie,FL,33328,(954) 252-8020,healthcare
9676,People First PT,5400 S University Dr,Suite,Davie,FL,33328,(754) 206-3772,healthcare
9973,Prevention Physical Therapy - 3340 Overlook Rd,3340 Overlook Rd,null,Davie,FL,33328,(954) 224-2649,healthcare
9907,Coastal Healthcare Partners - Daytona Beach,557 Health Blvd,Suite,Daytona Beach,FL,32114,(386) 256-3520,healthcare
8529,Community Partnership for Children,135 Executive Cir Second,Fl,Daytona Beach,FL,32114,(386) 238-4900,healthcare
8531,Crunch Fitness - Daytona Beach,290 N Nova Rd,null,Daytona Beach,FL,32114,(386) 293-0310,healthcare
8056,Ethos Health Group - Daytona Beach,1180 N Williamson Blvd,null,Daytona Beach,FL,32114,(352) 433-0898,healthcare
7679,Seabreeze Counseling Center LLC,420 N Halifax Ave,null,Daytona Beach,FL,32118,(386) 331-0666,healthcare
6230,"SMA HEALTHCARE, INC.",225 Fentress Blvd,Suite,Daytona Beach,FL,32114,(800) 539-4228,healthcare
6074,SUNRISE COMMUNITY OF NORTHEAST FLORIDA INC,1100 Jimmy Ann Dr,null,Daytona Beach,FL,32117,(386) 274-6474,healthcare
8272,"The Children's Lung, Asthma and Sleep Specialists",100 Professional Blvd,null,Daytona Beach,FL,32114,(407) 898-2767,healthcare
7536,Wolfson Children's Specialty Center - Daytona - 601 N Clyde Morris Blvd,601 N Clyde Morris Blvd,Suite,Daytona Beach,FL,32114,(904) 202-8550,healthcare
7111,AdventHealth Sports Med & Rehab Victoria Park,151 Victoria Commons Blvd,null,Deland,FL,32724,(386) 943-4690,healthcare
8953,COMFORT HOME CARE AGENCY LLC,225 S High St,null,Deland,FL,32720,(386) 215-2205,healthcare
6077,DIVINE CHOICE HOME HEALTH AGENCY LLC,1229 Bexley Ct,null,Deland,FL,32720,(386) 873-2021,healthcare
8868,"DUVALL HOMES, INC",827 S Spring Garden Ave,null,Deland,FL,32720,(386) 734-2874,healthcare
9212,Easterseals/Early Steps North Beaches,650 New York Ave W,null,Deland,FL,32720,(386) 873-3658,healthcare
10038,FYZICAL Therapy and Balance Centers of Deland,911 N Spring Garden Ave,null,Deland,FL,32720,(386) 736-3108,healthcare
10255,Restorative Speech Services Inc. - Deland,890 N Boundary Ave,Suite,Deland,FL,32720,352.462.3114,healthcare
7677,Saafe Behavioral Services,201 W Plymouth Ave,null,Deland,FL,32720,(386) 873-2963,healthcare
6073,STAR RISE HOME CARE LLC,2109 E New York Ave,null,Deland,FL,32724,(386) 232-0449,healthcare
8530,Think Speech LLC,500 S Dexter Ave,null,Deland,FL,32720,(386) 244-9519,healthcare
6455,"MERRICARE COMMUNITY INTEGRATED SERVICES, INC",9576 Brook Isles Ave,null,Delray Beach,FL,33446,(561) 899-8602,healthcare
8771,"OUR OPEN ARMS, LLC",346 Se 1st Ave,null,Delray Beach,FL,33444,(954) 278-9716,healthcare
6183,RAMOS DONNA M,28 Saxony A,null,Delray Beach,FL,33446,(754) 234-5684,healthcare
9983,Ability Rehabilitation - Deltona,1565 Saxon Blvd,Suite,Deltona,FL,32725,(386) 851-0901,healthcare
6079,BECAUSE OF YOU LLC,2001 Dalton Ave,null,Deltona,FL,32725,(407) 301-4317,healthcare
8493,Behavioral foundation Centers,537 Deltona Blvd,null,Deltona,FL,32725,(904) 878-8683,healthcare
10148,Brooks Rehabilitation Outpatient Clinic - Deltona,3400 Halifax Crossing Blvd,null,Deltona,FL,32725,(386) 425-6800,healthcare
6075,"CARED4 HEALTH LLC
CARED4 HEALTH LLC",2274 Matthew Cir,null,Deltona,FL,32738,(386) 289-9807,healthcare
8984,EXCEPTIONAL CARE WITHIN YOUR REACH INC,3494 Heath Dr,null,Deltona,FL,32725,(407) 520-1792,healthcare
8912,DEVELOPING NEW HORIZONS,1500 Nw 89th Ct,Suite,Doral,FL,33172,(305) 646-1603,healthcare
9386,Exceptional Speech Therapy,10200 Nw 25th St,Suite,Doral,FL,33172,(786) 717-5649,healthcare
6158,KID CARE RESPIRATORY SERVICES CORP,9930 Nw 26th St,null,Doral,FL,33172,(305) 746-9392,healthcare
10002,Kids Therapy Connection Doral - 2500 Nw 107th Ave,2500 Nw 107th Ave,null,Doral,FL,33172,(305) 200-3712,healthcare
9811,OTWellness Therapy Solutions,8200 Nw 27th St,null,Doral,FL,33122,(305) 591-4181,healthcare
9385,"SLP Miami Therapy, Inc.",2500 Nw 79th Ave,Suite,Doral,FL,33122,(786) 703-8914,healthcare
6008,"WE CARE HOME SERVICES, INC",3785 Nw 82nd Ave,Suite,Doral,FL,33166,(786) 222-5246,healthcare
6137,BLESSED HOME CARE LLC,3103 Winche,Suite,Dunedin,FL,34698,(727) 278-1882,healthcare
9700,Extra Mile Rehab and Performance,1022 Main St B6,null,Dunedin,FL,34698,(813) 551-2535,healthcare
6505,NEVCP LLC,1638 Dale Cir N,null,Dunedin,FL,34698,(727) 240-8925,healthcare
9156,"NHIEL PITOGO DELA TORRE
GROUP HOME PROVIDER",1241 Saint Andrews Dr,null,Dunedin,FL,34698,(727) 734-8751,healthcare
5785,"OPEN ARMS CARE, LLC",1351 Amberlea Dr E Fl 34698,null,Dunedin,FL,34698,(352) 232-6399,healthcare
9537,Peak Movement Physical Therapy,1340 Pinehurst Rd,null,Dunedin,FL,34698,(850) 228-1305,healthcare
10173,PT Solutions of Dunedin,1761 Main St,null,Dunedin,FL,34698,(727) 250-1273,healthcare
6406,TRUSTED HEALTHCARE SOLUTIONS INC.,6520 49th Ct E,null,Ellenton,FL,34222,(661) 246-7778,healthcare
9288,Core Pediatric Therapy,9351 Corkscrew Rd,null,Estero,FL,33928,(305) 985-0065,healthcare
9362,SWFL Therapy Services,9470 Corkscrew Palms Cir,Suite,Estero,FL,33928,239-400-1705,healthcare
9187,The Language Loft,9470 Corkscrew Palms Cir,null,Estero,FL,33928,(239) 400-4221,healthcare
8943,"BEHAVIORS PLUS, INC",1009 S Bay St,null,Eustis,FL,32726,(352) 669-3637,healthcare
8851,C.Y.B. INC.,525 E Gottsche Ave,null,Eustis,FL,32726,(352) 357-3625,healthcare
8642,GENTLE HOME CARE OF CENTRAL FLORIDA,162 Eleven Oaks Cir,null,Eustis,FL,32726,(689) 500-8879,healthcare
7575,Island Cove Behavioral Pediatrics,1831 Golden Eagle Way,null,Fleming Island,FL,32003,(904) 852-4063,healthcare
10235,Wolfson Children's Rehabilitation - Wolfson Children’s Specialty Center - Baptist Clay,1747 B,Suite,Fleming Island,FL,32003,(904) 516-1800,healthcare
10004,Wolfson Children's Specialty Center - Baptist Clay,1747 B,Suite,Fleming Island,FL,32003,(904) 202-8000,healthcare
8962,Abacus Therapies - ABA Therapy for Kids,6750 N Andrews Ave,null,Fort Lauderdale,FL,33309,(954) 400-3251,healthcare
9580,AccuCare Physical Therapy,2655 E Oakland Park Blvd,null,Fort Lauderdale,FL,33306,(954) 472-7526,healthcare
6324,ANN STORCK CENTER INC,1790 Sw 43rd Way,null,Fort Lauderdale,FL,33317,(954) 584-8000,healthcare
7587,Aries Physical Therapy - Fort Lauderdale - 1115 E Sunrise Blvd,1115 E Sunrise Blvd,null,Fort Lauderdale,FL,33304,(954) 247-4929,healthcare
7596,Aries Physical Therapy - Fort Lauderdale - 6290 N Federal Hwy,6290 N Federal Hwy,null,Fort Lauderdale,FL,33308,(954) 302-8746,healthcare
9432,Ascend Physiotherapy & Performance,807 Ne 2nd Ave,null,Fort Lauderdale,FL,33304,(954) 939-0071,healthcare
9742,AVION Sports Rehab,721 North Federal Hwy Retail Bay,null,Fort Lauderdale,FL,33304,(954) 902-5150,healthcare
9587,Back To Health Physical Therapy,2840 E Oakland Park Blvd,null,Fort Lauderdale,FL,33306,(954) 565-0075,healthcare
9950,Bolanos Associates Comprehensive Therapy Solutions,7340 Nw 5th St,null,Fort Lauderdale,FL,33317,(786) 259-0300,healthcare
6356,CAMPO VALDES ALGOS,1515 E Broward Blvd,Suite,Fort Lauderdale,FL,33301,(305) 467-0859,healthcare
8580,Caring Therapists of Fort Lauderdale,915 Middle River Dr,Suite,Fort Lauderdale,FL,33304,954-378-5381,healthcare
9240,Children's Love Corp - 2929 E Commercial Blvd Ph-B,2929 E Commercial Blvd Ph-B,null,Fort Lauderdale,FL,33308,(954) 508-1256,healthcare
9595,Clear Choice Physical Therapy,5975 N Federal Hwy,null,Fort Lauderdale,FL,33308,(954) 697-9451,healthcare
7666,Concentra Urgent Care - Fort Lauderdale,1347 S Andrews Ave,null,Fort Lauderdale,FL,33316,(954) 767-9999,healthcare
7646,Concentra Urgent Care - Ft Lauderdale,1007 W Commercial Blvd,null,Fort Lauderdale,FL,33309,(954) 564-2592,healthcare
9870,CORA Physical Therapy Fort Lauderdale,747 S State Rd 7,null,Fort Lauderdale,FL,33317,(954) 316-1131,healthcare
8791,DANIA DISC DRUGS INC,5420 Nw 33rd Ave,Suite,Fort Lauderdale,FL,33309,(954) 921-4661,healthcare
9239,Darlene Gray MS CCC/SLP,20 Se 20th St,null,Fort Lauderdale,FL,33316,(917) 400-7586,healthcare
10242,Dr. Physio Therapy & Wellness,4324 N Federal Hwy,null,Fort Lauderdale,FL,33308,(954) 369-5787,healthcare
10384,End Range Performance & Recovery,1226 Ne 8th Ave,null,Fort Lauderdale,FL,33304,(850) 445-4622,healthcare
7366,Evolutions Treatment Center - Ft Lauderdale,2901 W Cypress Creek Rd,null,Fort Lauderdale,FL,33309,(800) 795-8527,healthcare
9771,Force Physical Therapy - Fort Lauderdale,500 S Andrews Ave,null,Fort Lauderdale,FL,33301,(954) 218-0848,healthcare
7594,Fort Lauderdale Psychology Group,1919 Ne 45th St,null,Fort Lauderdale,FL,33308,(954) 294-7036,healthcare
9202,Ft Lauderdale Health & Rehab,2000 E Commercial Blvd,null,Fort Lauderdale,FL,33308,(954) 771-2300,healthcare
7959,"Glory to God Care, PPEC Fort Lauderdale",3625 W Broward Blvd,null,Fort Lauderdale,FL,33312,(305) 200-5073,healthcare
6314,"GOODWILL INDUSTRIES, BROWARD",2104 W. Commercial Blvd,null,Fort Lauderdale,FL,33021,(954) 486-1600,healthcare
9678,Hernandez Therapy Clinic,2950 W Cypress Creek Rd,null,Fort Lauderdale,FL,33309,(754) 220-6493,healthcare
8512,InBloom Autism Services | Fort Lauderdale,6416 Nw 5th Way,null,Fort Lauderdale,FL,33309,888-754-0398,healthcare
9420,Jaguar Therapeutics - Fort Lauderdale,1925 Cordova Rd,null,Fort Lauderdale,FL,33316,(954) 909-0899,healthcare
7296,LifeStance Therapists & Psychiatrists Fort Lauderdale,2400 E Commercial Blvd,null,Fort Lauderdale,FL,33308,(754) 243-5650,healthcare
8436,Lighter Living Counseling,3015 N Ocean Blvd,Suite,Fort Lauderdale,FL,33308,(754) 308-5525,healthcare
6173,LYAM FACILITIES CORP,551 E Evanston Cir,null,Fort Lauderdale,FL,33312,(305) 333-2659,healthcare
9390,Mind & Mobility,2655 E Oakland Park Blvd,Suite,Fort Lauderdale,FL,33306,(954) 280-4698,healthcare
7208,New Age Psychiatry: Low-Dose Relief,300 Se 2nd St,Suite,Fort Lauderdale,FL,33301,(561) 713-2788,healthcare
10111,Northstar PPEC,3521 W Broward Blvd,null,Fort Lauderdale,FL,33312,(954) 530-9154,healthcare
7668,Oakland Park Rehab Center Plus DOT Exams,3115 Nw 10th Ter,null,Fort Lauderdale,FL,33309,(954) 835-5252,healthcare
10244,Pediatric Therapy Associates,7390 Nw 5th St,null,Fort Lauderdale,FL,33317,(954) 583-7383,healthcare
9604,Physical Therapy Group of Florida,2430 E Commercial Blvd,null,Fort Lauderdale,FL,33308,(954) 994-1861,healthcare
9877,Physical Therapy Now Fort Lauderdale,1348 Se 17th St,null,Fort Lauderdale,FL,33316,(954) 530-8289,healthcare
9878,Physical Therapy Now of Plantation,6957 W Broward Blvd,null,Fort Lauderdale,FL,33317,(954) 541-9455,healthcare
9584,Physical Therapy Plus by the Sea,4747 N Ocean Dr,null,Fort Lauderdale,FL,33308,(954) 545-4922,healthcare
9737,PhysicalOne,350 Nw 70th Ave A,null,Fort Lauderdale,FL,33317,(954) 741-2221,healthcare
8483,Prevail Recovery Center - Alcohol & Drug Rehab Florida,3223 Nw 10th Ter,null,Fort Lauderdale,FL,33309,(866) 604-3339,healthcare
10109,Procare Rehab and Wellness Physical Therapy,2151 E Commercial Blvd,null,Fort Lauderdale,FL,33308,(954) 446-9178,healthcare
7599,Reclamation Center of Fort Lauderdale,2900 W Cypress Creek Rd,Suite,Fort Lauderdale,FL,33309,(954) 343-6552,healthcare
8502,Recovery Unplugged Florida Drug & Alcohol Rehab Fort Lauderdale,915 Middle River Dr,null,Fort Lauderdale,FL,33304,(954) 736-4388,healthcare
9582,Revive Physiotherapy,2852 E Oakland Park Blvd,null,Fort Lauderdale,FL,33306,(954) 519-4185,healthcare
5839,Rio Vista Wellness Center,608 Se 6th St,null,Fort Lauderdale,FL,33301,(954) 870-7794,healthcare
7636,Santiso Physical Therapy Fort Lauderdale,2419 E Commercial Blvd,null,Fort Lauderdale,FL,33308,(954) 533-5543,healthcare
8498,Select Physical Therapy - Downtown,1555 S Federal Hwy,null,Fort Lauderdale,FL,33316,(954) 462-6005,healthcare
7669,Select Physical Therapy - East Fort Lauderdale,1817 E Commercial Blvd,null,Fort Lauderdale,FL,33308,(954) 836-8980,healthcare
9391,"SHORS Rehabilitation Services, LLC",401 E Las Olas Blvd,null,Fort Lauderdale,FL,33301,(954) 332-2489,healthcare
9564,SoFloPT REHAB NORTH,6000 N Federal Hwy,null,Fort Lauderdale,FL,33308,(954) 256-9052,healthcare
9605,SoFloPT SPORT,224 Se 9th St,null,Fort Lauderdale,FL,33316,(954) 256-9052,healthcare
8772,SONGA E BROWN INC,2319 Nw 7th St,null,Fort Lauderdale,FL,33311,(954) 279-9886,healthcare
8504,Sunshine Kidz Pediatric Care - Ft Lauderdale,2122 W Cypress Creek Rd,null,Fort Lauderdale,FL,33309,(954) 838-5288,healthcare
10116,"Tender Care Centers, Inc. Fort Lauderdale PPEC",1821 Se 4th Ave,null,Fort Lauderdale,FL,33316,(954) 763-5444,healthcare
9734,"The MVMT Lab, Ft Lauderdale",100 Sw 15th St,null,Fort Lauderdale,FL,33315,(954) 667-3276,healthcare
9364,The Therapy Hive - Ft Lauderdale,1700 Nw 64th St,null,Fort Lauderdale,FL,33309,(954) 588-6096,healthcare
9566,TheraCave Physical Therapy,1 E Broward Blvd,null,Fort Lauderdale,FL,33301,(954) 284-0716,healthcare
7660,TheraCounsel,4546 N Federal Hwy,null,Fort Lauderdale,FL,33308,(954) 716-6514,healthcare
8433,Thriveworks Counseling & Psychiatry Fort Lauderdale,2425 E Commercial Blvd,null,Fort Lauderdale,FL,33308,(754) 219-9481,healthcare
9535,Total MD,2700 W Cypress Creek Rd,Suite,Fort Lauderdale,FL,33309,(954) 974-3111,healthcare
5825,"UNITED CEREBRAL PALSY OF BROWARD, PALM BEACH, AND
UNITED COMMUNITY OPTIONS OF BROWARD, PALM BEACH AN",3117 Sw 13th Ct,null,Fort Lauderdale,FL,33312,(954) 584-7178,healthcare
9567,USA Sports Medicine Fort Lauderdale,777 Se 20th St,null,Fort Lauderdale,FL,33316,(954) 302-7717,healthcare
6354,VICTORY LIVING PROGRAMS INC,1001 W Cypress Creek Rd,Suite,Fort Lauderdale,FL,33309,(954) 616-1074,healthcare
9581,XL Physical Therapy & Sports Rehab - 2001 Ne 48th St,2001 Ne 48th St,null,Fort Lauderdale,FL,33308,(954) 491-6620,healthcare
9588,XL Physical Therapy & Sports Rehab - 4022 N Ocean Blvd,4022 N Ocean Blvd,null,Fort Lauderdale,FL,33308,(954) 566-2400,healthcare
9433,XPE Sports Rehab,5300 Powerline Rd,null,Fort Lauderdale,FL,33309,(954) 940-0718,healthcare
10306,Abby Pediatric Care PPEC-Fort Myers,31 Barkley Cir,Suite,Fort Myers,FL,33907,(239) 245-7248,healthcare
10128,"Advanced Physical Therapy & Rehabilitation- Ft Myers, FL",6314 Whiskey Creek Dr,null,Fort Myers,FL,33919,(239) 432-0556,healthcare
9784,Apex Physical Therapy - Fort Myers,15751 San Carlos Blvd,Suite,Fort Myers,FL,33908,(239) 337-2739,healthcare
6334,"ASCEND TRANSITION SERVICES CORP
ASCEND TRANSITION SERVICES",6213 Presidential Ct,Suite,Fort Myers,FL,33919,(239) 851-8608,healthcare
10297,Aveanna Healthcare,42 Barkley Cir,Suite,Fort Myers,FL,33907,(239) 939-3159,healthcare
9287,Cascade Hand & Orthopedic Rehab,1910 Park Meadows Dr,null,Fort Myers,FL,33907,(239) 344-8404,healthcare
10328,"COMMUNITY RESOURCE NETWORK OF FLORIDA, LLC",12751 World Plaza Ln,null,Fort Myers,FL,33907,(239) 415-7400,healthcare
9890,CORA Physical Therapy Fort Myers,6900 Daniels Pkwy,null,Fort Myers,FL,33912,(239) 936-4404,healthcare
10127,FOCUS,4997 Royal Gulf Cir,null,Fort Myers,FL,33966,(239) 313-5049,healthcare
10005,FYZICAL Therapy & Balance Centers - West Fort Myers,15620 Mcgregor Blvd,null,Fort Myers,FL,33908,(239) 454-6262,healthcare
8897,"GILES KHADIJAH A
LOVED ONES",4333 Bellaria Way,Suite,Fort Myers,FL,33916,(239) 634-7939,healthcare
6355,GOODWILL INDUSTRIES OF SOUTHWEST FLORIDA,5100 Tice St,Suite,Fort Myers,FL,33905,(239) 995-2106,healthcare
8606,GREEN STEPHANIE A,4941 Gary Dr,null,Fort Myers,FL,33905,(239) 410-7524,healthcare
10009,"Johns Hopkins All Children's Outpatient Care, Fort Myers",4550 Colonial Blvd,null,Fort Myers,FL,33966,(239) 931-5700,healthcare
9443,Joint Implant Surgeons of Florida,7331 College Pkwy,null,Fort Myers,FL,33907,(239) 337-2003,healthcare
6380,LARC INC,2570 Hanson St,null,Fort Myers,FL,33901,(239) 334-6285,healthcare
8607,"LEE COUNTY BOARD OF CO COMMISSIONER
LEE TRAN PASSPORT SERVICE",3401 Metro Pkwy,null,Fort Myers,FL,33901,(239) 533-0350,healthcare
10007,Little Champs Pediatric Care PPEC - Medical Daycare,12820 Kenwood Ln,null,Fort Myers,FL,33907,(239) 690-6768,healthcare
8824,MAYS CARING HOME LLC,103 Shaw Blvd,null,Fort Myers,FL,33905,(305) 726-7249,healthcare
8609,"PANACHE HOLISTICS, INC",2552 Barcelona Ave,null,Fort Myers,FL,33905,(239) 839-4997,healthcare
6820,Pediatric & Perinatal Chiropractic Center,12731 World Plaza Ln,Building,Fort Myers,FL,33907,(239) 887-3283,healthcare
9806,Physical Therapy Now at Palm Pointe,11621 S Cleveland Ave,null,Fort Myers,FL,33907,(239) 533-9903,healthcare
10336,"PROJECT CHOICE, LLC",1342 Colonial Blvd,Suite,Fort Myers,FL,33907,(239) 931-7130,healthcare
6423,PROTECTED HARBOR INC,4561 Camino Real Way,null,Fort Myers,FL,33966,(239) 278-0200,healthcare
10335,SHALIMARE INCORPORATED,613 Carolina Ave,null,Fort Myers,FL,33905,(239) 694-0476,healthcare
8859,SOVEREIGN DEVELOPMENTAL CENTER,12553 New Brittany Blvd,Building,Fort Myers,FL,33907,(239) 257-5300,healthcare
9330,"Stepping Stone Kids Therapy, LLC - Fort Myers",3880 Colonial Blvd,null,Fort Myers,FL,33966,(239) 351-3715,healthcare
6103,SUPERIOR PRIVATE TRANSPORTATION OF SWFL,12914 3rd St 12914 3rd St,null,Fort Myers,FL,33905,(239) 240-3835,healthcare
9754,Wholistic Motus Physical Therapy,2059 Altamont Ave,null,Fort Myers,FL,33901,(239) 400-5639,healthcare
8598,IslandFit Physical Therapy and Wellness,11400 Summerlin Sq Dr,null,Fort Myers Beach,FL,33931,(239) 314-5118,healthcare
10286,A+ Therapy Pros,1801 S 23rd St,null,Fort Pierce,FL,34950,(772) 464-3303,healthcare
6403,ALL ABOUT QUALITY CARE CORP,4680 Chri,Suite,Fort Pierce,FL,34981,(561) 853-5937,healthcare
9835,Back To You Chiropractic and Physical Therapy,4152 Okeechobee Rd,Suite,Fort Pierce,FL,34947,(772) 252-5254,healthcare
8442,Behavioral Intervention Therapy Services (BITS),3212 Oleander Ave,null,Fort Pierce,FL,34982,(772) 233-6446,healthcare
9253,"Destiny Therapeutic Services, LLC",4204 Okeechobee Rd,null,Fort Pierce,FL,34947,(772) 359-1267,healthcare
7455,Florida Department of Children and Families,2520 Orange Ave,null,Fort Pierce,FL,34947,(850) 487-1111,healthcare
9149,HANDS OF GRACE AND MERCY ASSISTED LIVING FACILITY,3808 Ave L,null,Fort Pierce,FL,34947,(772) 409-4941,healthcare
6114,"PIERRE MARIE N
THE NATIVITY GROUP HOME,  INC.",2106 S 26th St,null,Fort Pierce,FL,34947,(772) 468-7530,healthcare
9948,Premier Physical Therapy & Sports Medicine - Fort Pierce,800 Virginia Ave,null,Fort Pierce,FL,34982,(772) 464-6424,healthcare
9519,Quality Performance Rehabilitation - Fort Pierce,405 S 7th St,null,Fort Pierce,FL,34950,(772) 758-5779,healthcare
8646,STEER HEALTHCARE SERVICES INC,800 Virginia Ave,Suite,Fort Pierce,FL,34982,(772) 672-1555,healthcare
9113,SUPREME COMFORT CARE LLC,800 Virginia Ave,Suite,Fort Pierce,FL,34982,(561) 574-7652,healthcare
9053,"TREASURE COAST HOMECARE SPECIALISTS, LLC",6544 Alemendra,null,Fort Pierce,FL,34951,(772) 494-5220,healthcare
6279,HORIZONS OF OKALOOSA,123 Truxton Ave,null,Fort Walton Beach,FL,32547,(850) 863-1530,healthcare
5802,NEW HOPE VILLAGE GROUP HOMES,1992 Lewis Turner Blvd,Suite,Fort Walton Beach,FL,32547,(850) 400-3328,healthcare
9237,Julington Creek Speech Therapy,100 FL-13,Suite,Fruit Cove,FL,32259,(904) 441-0533,healthcare
6064,"LAKE CNTY BRD OF CNTY COMMISSIONERS
DEPART OF COMMUNITY SERVICES PUBLIC TRANS DIVISON",2440 Us Hwy 441/27,null,Fruitland Park,FL,34731,(352) 323-5733,healthcare
8789,"GALAXY MEDICAL, INC.",4700 W. Prospect Rd,Suite,Ft. Lauderdale,FL,33309,(954) 731-8977,healthcare
9405,CenterWell Home Health - Gainesville,3951 Nw 48th Ter,null,Gainesville,FL,32606,(352) 376-3221,healthcare
7050,Child Psychotherapist,2121 Nw 40th Ter,Suite,Gainesville,FL,32605,(352) 336-2888,healthcare
9629,Clear Passage,4421 Nw 39th Ave,Suite,Gainesville,FL,32606,(352) 336-1433,healthcare
9759,Darwin Chiropractic Center,4101 Nw 37th Pl,Suite,Gainesville,FL,32606,(352) 377-2225,healthcare
9480,Empower Change Physical Therapy LLC,2131 Nw 40th Ter,Suite,Gainesville,FL,32605,(352) 448-8421,healthcare
9630,Empower Women's Physical Therapy,4881 Nw 8th Ave,Suite,Gainesville,FL,32607,(352) 444-1375,healthcare
9628,Five Branch Massage & Wellness,1216 Nw 22nd Ave,null,Gainesville,FL,32609,(352) 329-3399,healthcare
9903,Florida Orthopaedic Institute - Gainesville,7540 W University Ave,null,Gainesville,FL,32607,(352) 647-9700,healthcare
9998,Florida Orthopaedic Institute Therapy,7525 Nw 4th Blvd,null,Gainesville,FL,32607,null,healthcare
9475,"Forge Performance Physical Therapy, LLC",3417 Nw 97th Blvd,null,Gainesville,FL,32606,(352) 234-4422,healthcare
10138,FYZICAL Therapy & Balance Centers - Gainesville Oaks,4423 Nw 6th Pl,Suite,Gainesville,FL,32607,(352) 325-2276,healthcare
7065,Gainesville Community Counseling Center,3850 Nw 83 St,null,Gainesville,FL,32606,(352) 448-9120,healthcare
7033,Gainesville Wellness and Performance,4650 Nw 39th Pl,Suite,Gainesville,FL,32606,(352) 225-3610,healthcare
7085,"Gators Spine & Wellness Clinic Dr. Wendy L. Flynn, Chiropractic Physician",3201 Sw 42nd St,null,Gainesville,FL,32608,(352) 776-8899,healthcare
7043,GWP Physical Therapy,4650 Nw 39th Pl,Suite,Gainesville,FL,32606,(352) 275-9694,healthcare
8039,Haile Market Therapy & Behavioral,2653 Sw 87th Dr,Suite,Gainesville,FL,32608,(352) 331-0020,healthcare
9633,"Integrative Head & Neck Specialists, LLC",7328 W University Ave,Suite,Gainesville,FL,32607,(352) 727-0472,healthcare
9117,"JOHARY EDWIN F
EDWIN F JOHARY D.D.S.,P.A.",1831 Nw 13th St,Suite,Gainesville,FL,32609,(352) 377-0360,healthcare
9482,Kinetix Physical Therapy - Gainesville,2839 Sw 87th Dr,null,Gainesville,FL,32608,(352) 558-3266,healthcare
10392,Launch Pad Therapy,11101 Nw 12th Pl,null,Gainesville,FL,32606,(352) 325-7400,healthcare
9276,Little Sprouts Speech,4010 Newberry Rd,Suite,Gainesville,FL,32607,null,healthcare
10141,Magnolia Ridge Rehabilitation Center,6517 Nw 39th Ave,null,Gainesville,FL,32606,(352) 677-3422,healthcare
6362,"MARYAM NIKOONEJAD
COVENANT AGENCY",1315 Nw 6th St,null,Gainesville,FL,32601,(352) 246-6039,healthcare
5924,Medig,4410 Newberry Rd,Suite,Gainesville,FL,32607,(352) 374-2818,healthcare
9301,Palm Garden of Gainesville,227 Sw 62nd Blvd,null,Gainesville,FL,32607,(352) 331-0601,healthcare
7711,Peaceful Mind Psychiatry,4635 Nw 53rd Ave,Suite,Gainesville,FL,32653,(352) 672-6339,healthcare
7062,Play and Wellness Center of Gainesville,3600 Nw 43rd St A2,null,Gainesville,FL,32606,(352) 448-1134,healthcare
9904,ReQuest Physical Therapy - Gainesville,4820 Newberry Rd,null,Gainesville,FL,32607,(352) 758-5495,healthcare